Date,Open,High,Low,Close,Volume,등락률,Adj Close
2020-09-17,60700,60800,59300,59500,25108356,-2.459016393442623,59500
2020-09-18,59800,59900,59100,59300,18884571,-0.33613445378151263,59300
2020-09-21,59100,60000,59000,59200,15140387,-0.16863406408094433,59200
2020-09-22,59100,59700,57800,58200,20830381,-1.6891891891891893,58200
2020-09-23,58400,58800,57400,58600,20111398,0.6872852233676976,58600
2020-09-24,57700,58600,57600,57800,17564020,-1.3651877133105803,57800
2020-09-25,57700,58200,57700,57900,11444683,0.17301038062283738,57900
2020-09-28,58300,58800,57900,58200,12614080,0.5181347150259068,58200
2020-09-29,58300,59000,58200,58200,15503563,0.0,58200
2020-10-05,57500,59200,57500,58700,20228289,0.859106529209622,58700
2020-10-06,59400,59900,58700,59000,14463826,0.5110732538330494,59000
2020-10-07,58700,59900,58500,59900,14861838,1.5254237288135595,59900
2020-10-08,60500,60700,59500,59700,24589924,-0.333889816360601,59700
2020-10-12,60000,60400,59900,60400,16145837,1.1725293132328307,60400
2020-10-13,61000,61400,60400,60900,19247631,0.8278145695364238,60900
2020-10-14,61000,61100,60500,60900,16086716,0.0,60900
2020-10-15,60700,60800,59700,60000,17756232,-1.477832512315271,60000
2020-10-16,60000,60400,59000,59500,16554190,-0.8333333333333334,59500
2020-10-19,59600,60200,59500,60000,14474985,0.8403361344537815,60000
2020-10-20,60300,60900,60100,60900,19326115,1.5,60900
2020-10-21,61200,61500,60600,60900,15703443,0.0,60900
2020-10-22,60300,60500,59800,60100,14294095,-1.3136288998357963,60100
2020-10-23,60400,60400,59800,60200,9322232,0.16638935108153077,60200
2020-10-26,60400,61100,60100,60400,13268226,0.33222591362126247,60400
2020-10-27,60300,60300,59500,59800,17260416,-0.9933774834437087,59800
2020-10-28,59400,59400,58800,59000,14428882,-1.3377926421404682,59000
2020-10-29,58200,58500,57500,58100,22636966,-1.5254237288135595,58100
2020-10-30,58000,58000,56600,56600,26907844,-2.5817555938037864,56600
2020-11-02,56400,57500,56000,57400,20489076,1.4134275618374559,57400
2020-11-03,57900,58900,57600,58800,14950919,2.4390243902439024,58800
2020-11-04,58900,59000,57800,58500,21718561,-0.5102040816326531,58500
2020-11-05,59000,60300,58800,60300,20639475,3.076923076923077,60300
2020-11-06,60700,60800,59600,60100,16910230,-0.33167495854063017,60100
2020-11-09,60700,60900,60100,60200,15892961,0.16638935108153077,60200
2020-11-10,60500,60500,59500,60200,19073552,0.0,60200
2020-11-11,60700,61400,60400,61300,25628510,1.8272425249169437,61300
2020-11-12,61000,61400,60700,61000,19800573,-0.48939641109298526,61000
2020-11-13,61300,63200,61000,63200,31508829,3.606557377049181,63200
2020-11-16,64000,66700,63900,66300,36354334,4.90506329113924,66300
2020-11-17,67000,67000,65600,65700,30204089,-0.904977375565611,65700
2020-11-18,65700,66200,64700,64800,22963790,-1.36986301369863,64800
2020-11-19,64100,64800,63900,64600,16590290,-0.30864197530864196,64600
2020-11-20,63900,65200,63900,64700,15068682,0.15479876160990713,64700
2020-11-23,64800,67800,64700,67500,27134398,4.327666151468315,67500
2020-11-24,67900,69500,67000,67700,32158235,0.2962962962962963,67700
2020-11-25,67900,68300,66500,66600,32447065,-1.6248153618906942,66600
2020-11-26,66100,68000,66000,68000,19023323,2.1021021021021022,68000
2020-11-27,68000,68400,67600,68200,14063434,0.29411764705882354,68200
2020-11-30,68400,68600,66700,66700,43811016,-2.1994134897360706,66700
2020-12-01,67100,68300,67100,67800,22327173,1.6491754122938531,67800
2020-12-02,68400,69900,68300,69500,29703942,2.5073746312684366,69500
2020-12-03,70100,70500,69300,69700,23677989,0.28776978417266186,69700
2020-12-04,70400,72100,70100,71500,28130533,2.582496413199426,71500
2020-12-07,72400,73500,71900,72900,28490496,1.9580419580419581,72900
2020-12-08,72200,72900,71600,71700,25000338,-1.646090534979424,71700
2020-12-09,72100,73900,72000,73900,24077996,3.0683403068340307,73900
2020-12-10,72700,73800,72500,72900,39882928,-1.3531799729364005,72900
2020-12-11,73500,73800,73100,73400,18486672,0.6858710562414266,73400
2020-12-14,73600,74500,73200,73800,21510415,0.544959128065395,73800
2020-12-15,73800,74100,73300,73800,20863671,0.0,73800
2020-12-16,74100,74500,73400,73800,17512081,0.0,73800
2020-12-17,73400,73700,72600,73300,24293214,-0.6775067750677507,73300
2020-12-18,73300,73700,73000,73000,17613029,-0.4092769440654843,73000
2020-12-21,73100,73400,72000,73000,20367355,0.0,73000
2020-12-22,72500,73200,72100,72300,16304910,-0.9589041095890412,72300
2020-12-23,72400,74000,72300,73900,19411326,2.2130013831258646,73900
2020-12-24,74100,78800,74000,77800,32502870,5.2774018944519625,77800
2020-12-28,79000,80100,78200,78700,40085044,1.1568123393316194,78700
2020-12-29,78800,78900,77300,78300,30339449,-0.5082592121982211,78300
2020-12-30,77400,81300,77300,81000,29417421,3.4482758620689653,81000
2021-01-04,81000,84400,80200,83000,38655276,2.4691358024691357,83000
2021-01-05,81600,83900,81600,83900,35335669,1.0843373493975903,83900
2021-01-06,83300,84500,82100,82200,42089013,-2.026221692491061,82200
2021-01-07,82800,84200,82700,82900,32644642,0.851581508515815,82900
2021-01-08,83300,90000,83000,88800,59013307,7.117008443908324,88800
2021-01-11,90000,96800,89500,91000,90306177,2.4774774774774775,91000
2021-01-12,90300,91400,87800,90600,48682416,-0.43956043956043955,90600
2021-01-13,89800,91200,89100,89700,36068848,-0.9933774834437087,89700
2021-01-14,88700,90000,88700,89700,26393970,0.0,89700
2021-01-15,89800,91800,88000,88000,33431809,-1.89520624303233,88000
2021-01-18,86600,87300,84100,85000,43227951,-3.4090909090909087,85000
2021-01-19,84500,88000,83600,87000,39895044,2.3529411764705883,87000
2021-01-20,89000,89000,86500,87200,25211127,0.22988505747126436,87200
2021-01-21,87500,88600,86500,88100,25318011,1.0321100917431194,88100
2021-01-22,89000,89700,86800,86800,30861661,-1.4755959137343928,86800
2021-01-25,87000,89900,86300,89400,27258534,2.995391705069124,89400
2021-01-26,88800,89200,86500,86700,33178936,-3.0201342281879198,86700
2021-01-27,86600,87700,85600,85600,26423070,-1.2687427912341407,85600
2021-01-28,83200,85600,83200,83700,31859808,-2.219626168224299,83700
2021-01-29,84500,85000,82000,82000,39615978,-2.031063321385902,82000
2021-02-01,81700,83400,81000,83000,28046832,1.2195121951219512,83000
2021-02-02,84100,86400,83700,84400,26302077,1.6867469879518073,84400
2021-02-03,84800,85400,83400,84600,22112205,0.23696682464454977,84600
2021-02-04,83500,83800,82100,82500,24171688,-2.4822695035460995,82500
2021-02-05,83100,84000,82500,83500,18036835,1.2121212121212122,83500
2021-02-08,83800,84200,83000,83000,15338765,-0.5988023952095809,83000
2021-02-09,84000,84800,82700,82700,20898332,-0.3614457831325301,82700
2021-02-10,82600,82600,81600,81600,23025766,-1.3301088270858523,81600
2021-02-15,83800,84500,83300,84200,23529706,3.1862745098039214,84200
2021-02-16,84500,86000,84200,84900,20483100,0.831353919239905,84900
2021-02-17,83900,84200,83000,83200,18307735,-2.0023557126030624,83200
2021-02-18,83200,83600,82100,82100,21327683,-1.3221153846153846,82100
2021-02-19,82300,82800,81000,82600,25880879,0.6090133982947624,82600
2021-02-22,83800,84200,82200,82200,25419886,-0.48426150121065376,82200
2021-02-23,81200,82900,81100,82000,20587314,-0.24330900243309003,82000
2021-02-24,81800,83600,81300,82000,26807651,0.0,82000
2021-02-25,84000,85400,83000,85300,34155986,4.024390243902439,85300
2021-02-26,82800,83400,82000,82500,38520800,-3.2825322391559206,82500
2021-03-02,85100,85300,83000,83600,33498180,1.3333333333333335,83600
2021-03-03,83500,84000,82800,84000,19882132,0.4784688995215311,84000
2021-03-04,82600,83200,82200,82400,24348331,-1.9047619047619049,82400
2021-03-05,81100,82600,81100,82100,20508971,-0.3640776699029126,82100
2021-03-08,82900,83000,81600,82000,17641256,-0.12180267965895249,82000
2021-03-09,81400,81900,80600,81400,25420764,-0.7317073170731708,81400
2021-03-10,82400,82500,80700,80900,20038422,-0.6142506142506142,80900
2021-03-11,81000,82500,81000,82000,23818297,1.3597033374536465,82000
2021-03-12,83100,83500,82400,82800,13530573,0.975609756097561,82800
2021-03-15,82800,82900,81800,81800,13735798,-1.2077294685990339,81800
2021-03-16,82200,83000,82100,82800,12293537,1.2224938875305624,82800
2021-03-17,82800,82900,82000,82300,11625146,-0.6038647342995169,82300
2021-03-18,82800,83800,82600,82900,18585244,0.7290400972053462,82900
2021-03-19,82100,82500,81800,81900,15869700,-1.2062726176115801,81900
2021-03-22,82000,82300,81700,82000,12670506,0.1221001221001221,82000
2021-03-23,82600,82900,81800,81800,13299907,-0.24390243902439024,81800
2021-03-24,81000,81600,80700,81000,17926638,-0.9779951100244498,81000
2021-03-25,81000,82100,80800,81200,14758826,0.24691358024691357,81200
2021-03-26,81400,81600,81000,81500,12845778,0.3694581280788177,81500
2021-03-29,81700,81700,81000,81600,14952134,0.1226993865030675,81600
2021-03-30,81600,82300,81300,82200,13121698,0.7352941176470588,82200
2021-03-31,82400,82700,81400,81400,17240518,-0.9732360097323601,81400
2021-04-01,82500,83000,82000,82900,18676461,1.8427518427518428,82900
2021-04-02,84000,85200,83900,84800,22997538,2.2919179734620023,84800
2021-04-05,85800,86000,84800,85400,16255990,0.7075471698113208,85400
2021-04-06,86200,86200,85100,86000,19042023,0.702576112412178,86000
2021-04-07,86100,86200,85400,85600,17885538,-0.46511627906976744,85600
2021-04-08,85700,85700,84100,84700,19244259,-1.0514018691588785,84700
2021-04-09,84700,84900,83400,83600,18193707,-1.2987012987012987,83600
2021-04-12,84100,84100,83100,83200,12915282,-0.4784688995215311,83200
2021-04-13,83000,84500,82800,84000,15238206,0.9615384615384616,84000
2021-04-14,84000,84300,83400,84000,13794652,0.0,84000
2021-04-15,83700,84500,83400,84100,16377412,0.11904761904761905,84100
2021-04-16,84700,84700,83600,83900,15429522,-0.23781212841854932,83900
2021-04-19,83800,84000,83300,83300,15287311,-0.7151370679380215,83300
2021-04-20,83300,84000,83100,83900,15521965,0.7202881152460985,83900
2021-04-21,83300,83500,82500,82600,21636079,-1.5494636471990464,82600
2021-04-22,82900,83000,82400,82400,13934746,-0.24213075060532688,82400
2021-04-23,81900,82900,81600,82800,17805080,0.48543689320388345,82800
2021-04-26,82900,83500,82600,83500,15489938,0.8454106280193237,83500
2021-04-27,83200,83300,82500,82900,12941533,-0.718562874251497,82900
2021-04-28,83200,83200,82100,82100,15596759,-0.9650180940892641,82100
2021-04-29,82400,82500,81500,81700,20000973,-0.48721071863580995,81700
2021-04-30,81900,82100,81500,81500,18673197,-0.24479804161566704,81500
2021-05-03,81000,82400,81000,81700,15710336,0.245398773006135,81700
2021-05-04,81900,82600,81800,82600,12532550,1.101591187270502,82600
2021-05-06,81700,82300,81700,82300,17047511,-0.36319612590799033,82300
2021-05-07,81800,82100,81500,81900,14154882,-0.48602673147023084,81900
2021-05-10,82300,83500,81800,83200,19385027,1.5873015873015872,83200
2021-05-11,82500,82600,81100,81200,28996680,-2.403846153846154,81200
2021-05-12,80800,81200,79800,80000,35812268,-1.477832512315271,80000
2021-05-13,78900,79600,78400,78500,31490096,-1.875,78500
2021-05-14,79000,80300,78900,80100,16450920,2.038216560509554,80100
2021-05-17,80800,80900,79200,79600,17740855,-0.6242197253433208,79600
2021-05-18,79600,80000,79100,79600,17494407,0.0,79600
2021-05-20,79400,79700,79100,79500,16541828,-0.12562814070351758,79500
2021-05-21,80100,81500,79800,80100,20961714,0.7547169811320755,80100
2021-05-24,80100,80400,79500,79700,13398666,-0.4993757802746567,79700
2021-05-25,80000,80400,79800,79900,13628942,0.2509410288582183,79900
2021-05-26,80400,80500,79700,79800,11984359,-0.1251564455569462,79800
2021-05-27,80000,80000,79100,79600,23198510,-0.2506265664160401,79600
2021-05-28,79800,80400,79400,80100,12360199,0.628140703517588,80100
2021-05-31,80300,80600,79600,80500,13321324,0.4993757802746567,80500
2021-06-01,80500,81300,80100,80600,14058401,0.12422360248447205,80600
2021-06-02,80400,81400,80300,80800,16414644,0.24813895781637718,80800
2021-06-03,81300,83000,81100,82800,29546007,2.4752475247524752,82800
2021-06-04,82700,82700,81500,82200,18112259,-0.7246376811594203,82200
2021-06-07,82700,82800,81600,81900,16496197,-0.36496350364963503,81900
2021-06-08,82300,82600,81800,81900,12781226,0.0,81900
2021-06-09,81500,82000,81100,81100,14908823,-0.9768009768009768,81100
2021-06-10,81300,81400,80900,81000,17586995,-0.12330456226880394,81000
2021-06-11,81200,81700,80700,81000,14087962,0.0,81000
2021-06-14,80800,80900,80500,80500,10550078,-0.6172839506172839,80500
2021-06-15,80900,81200,80600,80900,10075685,0.4968944099378882,80900
2021-06-16,81500,81900,81100,81800,14999855,1.1124845488257107,81800
2021-06-17,81100,81300,80700,80900,14007385,-1.1002444987775062,80900
2021-06-18,81100,81100,80500,80500,14916721,-0.4944375772558714,80500
2021-06-21,79700,80000,79600,79900,16063340,-0.7453416149068323,79900
2021-06-22,80200,80300,79900,80000,11773365,0.1251564455569462,80000
2021-06-23,80500,80600,79900,80100,13856548,0.125,80100
2021-06-24,80400,81400,80100,81200,18771080,1.373283395755306,81200
2021-06-25,81500,81900,81200,81600,13481405,0.49261083743842365,81600
2021-06-28,81700,82000,81600,81900,11578529,0.3676470588235294,81900
2021-06-29,81900,82100,80800,81000,15744317,-1.098901098901099,81000
2021-06-30,81100,81400,80700,80700,13288643,-0.3703703703703704,80700
2021-07-01,80500,80600,80000,80100,13382882,-0.7434944237918215,80100
2021-07-02,80000,80400,79900,80000,8753097,-0.12484394506866417,80000
2021-07-05,80100,80800,80000,80400,8330969,0.5,80400
2021-07-06,80600,81200,80500,81200,12131651,0.9950248756218906,81200
2021-07-07,81200,81300,80300,80800,15992202,-0.49261083743842365,80800
2021-07-08,81100,81200,79900,79900,16660998,-1.1138613861386137,79900
2021-07-09,79600,79800,79000,79400,22720577,-0.6257822277847309,79400
2021-07-12,79900,80000,79500,79700,9768108,0.3778337531486146,79700
2021-07-13,80000,80200,79800,79800,9863450,0.12547051442910914,79800
2021-07-14,79400,79600,79100,79500,11575636,-0.37593984962406013,79500
2021-07-15,79800,80600,79500,80600,13766279,1.3836477987421385,80600
2021-07-16,80100,80100,79500,79800,10859399,-0.9925558312655087,79800
2021-07-19,79100,79200,78800,79000,13155414,-1.0025062656641603,79000
2021-07-20,78500,79000,78400,79000,12456646,0.0,79000
2021-07-21,79000,79100,78500,78500,12355296,-0.6329113924050633,78500
2021-07-22,79000,79800,78900,79700,12618790,1.5286624203821657,79700
2021-07-23,79700,79900,79200,79300,9098910,-0.5018820577164366,79300
2021-07-26,79400,79500,78800,78800,10040975,-0.6305170239596469,78800
2021-07-27,79200,79400,78500,78500,11427693,-0.3807106598984772,78500
2021-07-28,78300,79200,78100,79200,12743417,0.89171974522293,79200
2021-07-29,78800,79400,78800,79000,14360453,-0.25252525252525254,79000
2021-07-30,78900,78900,78500,78500,13823411,-0.6329113924050633,78500
2021-08-02,79200,79500,78700,79300,11739124,1.019108280254777,79300
2021-08-03,79400,81400,79300,81400,24339360,2.648171500630517,81400
2021-08-04,82200,83100,81800,82900,25642368,1.8427518427518428,82900
2021-08-05,83300,83300,82000,82100,18485469,-0.9650180940892641,82100
2021-08-06,81900,82500,81300,81500,13342623,-0.730816077953715,81500
2021-08-09,81500,82300,80900,81500,15522581,0.0,81500
2021-08-10,82300,82400,80100,80200,20362639,-1.5950920245398774,80200
2021-08-11,79600,79800,78500,78500,30241137,-2.119700748129676,78500
2021-08-12,77100,78200,76900,77000,42365223,-1.910828025477707,77000
2021-08-13,75800,76000,74100,74400,61270643,-3.3766233766233764,74400
2021-08-17,74000,75100,74000,74200,30944847,-0.2688172043010753,74200
2021-08-18,73900,74600,73100,73900,29192631,-0.40431266846361186,73900
2021-08-19,73500,74400,73100,73100,22166298,-1.0825439783491204,73100
2021-08-20,73500,73900,72500,72700,22364803,-0.5471956224350205,72700
2021-08-23,73300,74000,73000,73300,19384648,0.8253094910591471,73300
2021-08-24,73900,75700,73900,75600,21016913,3.1377899045020468,75600
2021-08-25,76200,76600,74900,75700,22319664,0.13227513227513227,75700
2021-08-26,76100,76200,74600,74600,16671494,-1.453104359313078,74600
2021-08-27,74300,75000,73800,74300,15172748,-0.40214477211796246,74300
2021-08-30,75400,75500,74200,74600,12686999,0.4037685060565276,74600
2021-08-31,74900,76700,74300,76700,24630370,2.8150134048257374,76700
2021-09-01,76700,77100,75900,76800,16114775,0.1303780964797914,76800
2021-09-02,76800,76800,75700,76000,15347486,-1.0416666666666665,76000
2021-09-03,76400,76700,76000,76600,12096419,0.7894736842105263,76600
2021-09-06,76800,77600,76600,77300,12861180,0.9138381201044387,77300
2021-09-07,77100,77100,75900,76100,13239401,-1.5523932729624839,76100
2021-09-08,76000,76400,75600,76300,11798147,0.2628120893561104,76300
2021-09-09,76400,76600,75000,75300,17600770,-1.310615989515072,75300
2021-09-10,75300,75600,74800,75300,10103212,0.0,75300
2021-09-13,75200,76300,75100,76300,11397775,1.3280212483399734,76300
2021-09-14,77100,77700,76600,76600,18167057,0.39318479685452157,76600
2021-09-15,77400,77400,76400,77000,12829128,0.5221932114882507,77000
2021-09-16,77300,77400,76100,76100,13067622,-1.1688311688311688,76100
2021-09-17,76300,77200,75900,77200,16289502,1.445466491458607,77200
2021-09-23,77500,77600,76800,77400,17055590,0.2590673575129534,77400
2021-09-24,77600,77700,77100,77300,12247274,-0.12919896640826875,77300
2021-09-27,77300,77700,77000,77700,11699798,0.517464424320828,77700
2021-09-28,77700,77800,76200,76300,15406382,-1.8018018018018018,76300
2021-09-29,74800,75300,73800,74100,23992458,-2.8833551769331587,74100
2021-09-30,74300,74800,73700,74100,19919361,0.0,74100
2021-10-01,73900,74000,72900,73200,15803395,-1.214574898785425,73200
2021-10-05,73000,73000,71400,72200,24013921,-1.366120218579235,72200
2021-10-06,72600,72800,71200,71300,18956962,-1.2465373961218837,71300
2021-10-07,71600,72100,71300,71600,13683532,0.42075736325385693,71600
2021-10-08,72300,72400,71500,71500,14043287,-0.13966480446927373,71500
2021-10-12,70700,70900,68700,69000,31001484,-3.4965034965034967,69000
2021-10-13,68700,69600,68300,68800,24172015,-0.2898550724637681,68800
2021-10-14,69000,69800,68800,69400,19520641,0.872093023255814,69400
2021-10-15,70200,71000,70000,70100,18051612,1.0086455331412103,70100
2021-10-18,70200,70300,69200,70200,13486391,0.14265335235378032,70200
2021-10-19,70800,71000,70400,70600,9507991,0.5698005698005698,70600
2021-10-20,70700,71000,70200,70300,10151638,-0.424929178470255,70300
2021-10-21,70300,70600,70000,70200,10891094,-0.1422475106685633,70200
2021-10-22,70000,70700,70000,70400,8395448,0.2849002849002849,70400
2021-10-25,69900,70600,69500,70200,10029621,-0.2840909090909091,70200
2021-10-26,70600,71500,70400,71100,10528252,1.282051282051282,71100
2021-10-27,71000,71000,70000,70100,10295316,-1.4064697609001406,70100
2021-10-28,69500,72200,69500,70700,20644902,0.8559201141226819,70700
2021-10-29,71200,71600,69700,69800,17016151,-1.272984441301273,69800
2021-11-01,70200,70600,69900,69900,11503729,0.14326647564469913,69900
2021-11-02,70800,72200,70700,71500,16812570,2.28898426323319,71500
2021-11-03,71700,71700,70100,70400,12770428,-1.5384615384615385,70400
2021-11-04,71200,71600,70500,70600,11818987,0.2840909090909091,70600
2021-11-05,71600,71600,70200,70200,12667743,-0.56657223796034,70200
2021-11-08,70400,70600,69800,70600,11121981,0.5698005698005698,70600
2021-11-09,70300,71000,70100,70500,11159589,-0.141643059490085,70500
2021-11-10,70300,70900,70200,70200,9422009,-0.425531914893617,70200
2021-11-11,69900,70000,69600,69900,11489122,-0.4273504273504274,69900
2021-11-12,70200,70900,69900,70600,10087450,1.0014306151645207,70600
2021-11-15,71700,71900,70900,71400,12420710,1.13314447592068,71400
2021-11-16,71500,72000,71300,71300,10919239,-0.1400560224089636,71300
2021-11-17,71300,71600,70600,70700,11027606,-0.8415147265077139,70700
2021-11-18,70700,71000,70200,70200,10144957,-0.7072135785007072,70200
2021-11-19,70400,71400,70100,71200,11954728,1.4245014245014245,71200
2021-11-22,73300,75200,73000,74900,27506623,5.196629213483146,74900
2021-11-23,76000,76000,74500,75300,22029195,0.5340453938584779,75300
2021-11-24,76000,76200,74100,74800,15652305,-0.6640106241699867,74800
2021-11-25,75100,75100,73600,73700,12559258,-1.4705882352941175,73700
2021-11-26,73500,74100,72000,72300,13002242,-1.8995929443690638,72300
2021-11-29,71700,73000,71400,72300,16682559,0.0,72300
2021-11-30,73200,73900,70500,71300,30364841,-1.3831258644536653,71300
2021-12-01,72000,74800,71600,74400,21954856,4.3478260869565215,74400
2021-12-02,73900,75800,73800,75800,23652940,1.881720430107527,75800
2021-12-03,75600,76000,74100,75600,18330240,-0.2638522427440633,75600
2021-12-06,75100,76700,74900,76300,16391250,0.9259259259259258,76300
2021-12-07,76100,77700,75600,77400,19232453,1.4416775884665793,77400
2021-12-08,78300,78600,77100,77400,21558340,0.0,77400
2021-12-09,77400,78200,77000,78200,21604528,1.03359173126615,78200
2021-12-10,77400,77600,76800,76900,9155219,-1.6624040920716114,76900
2021-12-13,77200,78300,76500,76800,15038750,-0.13003901170351106,76800
2021-12-14,76500,77200,76200,77000,10976660,0.26041666666666663,77000
2021-12-15,76400,77600,76300,77600,9584939,0.7792207792207793,77600
2021-12-16,78500,78500,77400,77800,11996128,0.25773195876288657,77800
2021-12-17,76800,78000,76800,78000,13108479,0.2570694087403599,78000
2021-12-20,77600,77800,76800,77100,11264375,-1.153846153846154,77100
2021-12-21,77900,78300,77500,78100,14245298,1.297016861219196,78100
2021-12-22,78900,79400,78800,79400,17105892,1.6645326504481435,79400
2021-12-23,79800,80000,79300,79900,13577498,0.6297229219143577,79900
2021-12-24,80200,80800,80200,80500,12086380,0.7509386733416771,80500
2021-12-27,80600,80600,79800,80200,10783368,-0.37267080745341613,80200
2021-12-28,80200,80400,79700,80300,18226325,0.12468827930174563,80300
2021-12-29,80200,80200,78500,78800,19794795,-1.86799501867995,78800
2021-12-30,78900,79500,78100,78300,14236700,-0.6345177664974619,78300
2022-01-03,79400,79800,78200,78600,13502112,0.38314176245210724,78600
2022-01-04,78800,79200,78300,78700,12427416,0.1272264631043257,78700
2022-01-05,78800,79000,76400,77400,25470640,-1.6518424396442184,77400
2022-01-06,76700,77600,76600,76900,12931954,-0.6459948320413437,76900
2022-01-07,78100,78400,77400,78300,15163757,1.8205461638491547,78300
2022-01-10,78100,78100,77100,78000,9947422,-0.38314176245210724,78000
2022-01-11,78400,79000,78000,78900,13221123,1.153846153846154,78900
2022-01-12,79500,79600,78600,78900,11000502,0.0,78900
2022-01-13,79300,79300,77900,77900,13889401,-1.2674271229404308,77900
2022-01-14,77700,78100,77100,77300,10096725,-0.7702182284980745,77300
2022-01-17,77600,77800,76900,77500,8785122,0.258732212160414,77500
2022-01-18,77600,77800,76600,77000,9592788,-0.6451612903225806,77000
2022-01-19,76500,76900,76100,76300,10598290,-0.9090909090909091,76300
2022-01-20,76200,76700,75900,76500,9708168,0.2621231979030144,76500
2022-01-21,75800,75800,74700,75600,15774888,-1.1764705882352942,75600
2022-01-24,75400,75800,74700,75100,13691134,-0.6613756613756614,75100
2022-01-25,74800,75000,73200,74000,17766704,-1.4647137150466045,74000
2022-01-26,73900,74400,73100,73300,12976730,-0.945945945945946,73300
2022-01-27,73800,74000,71300,71300,22274777,-2.728512960436562,71300
2022-01-28,71300,73700,71200,73300,21367447,2.805049088359046,73300
2022-02-03,74900,74900,73300,73300,17744721,0.0,73300
2022-02-04,74300,74600,73400,74000,12730034,0.9549795361527967,74000
2022-02-07,73500,73600,72400,73000,14240838,-1.3513513513513513,73000
2022-02-08,73800,74200,73000,73500,11736666,0.684931506849315,73500
2022-02-09,74300,74700,74000,74700,9699122,1.6326530612244898,74700
2022-02-10,75600,75800,74700,75400,17746033,0.9370816599732262,75400
2022-02-11,75000,75500,74600,74900,12205407,-0.6631299734748011,74900
2022-02-14,74400,74500,73100,73700,13993255,-1.602136181575434,73700
2022-02-15,74100,74200,73100,73700,9320365,0.0,73700
2022-02-16,74600,74900,74200,74800,10767386,1.4925373134328357,74800
2022-02-17,75000,75600,74500,75000,13605382,0.267379679144385,75000
2022-02-18,74600,74800,73700,74300,10122226,-0.9333333333333335,74300
2022-02-21,73200,74300,72600,74200,10489717,-0.13458950201884254,74200
2022-02-22,73000,73400,72800,73400,11692469,-1.078167115902965,73400
2022-02-23,73800,73800,72800,73000,10397964,-0.544959128065395,73000
2022-02-24,72300,72300,71300,71500,15759283,-2.054794520547945,71500
2022-02-25,72100,72600,71900,71900,13168484,0.5594405594405595,71900
2022-02-28,71100,72100,71000,72100,17781783,0.27816411682892905,72100
2022-03-02,72300,72400,71500,71700,12481430,-0.5547850208044383,71700
2022-03-03,72300,73100,72200,72900,13232638,1.6736401673640167,72900
2022-03-04,72700,72700,71200,71500,13409634,-1.9204389574759946,71500
2022-03-07,70000,70600,69900,70100,18617138,-1.9580419580419581,70100
2022-03-08,68800,70000,68700,69500,15828269,-0.8559201141226819,69500
2022-03-10,70800,71200,70500,71200,21159248,2.446043165467626,71200
2022-03-11,70500,70700,69700,70000,15787655,-1.6853932584269662,70000
2022-03-14,70000,70200,69600,70200,9040993,0.2857142857142857,70200
2022-03-15,69800,70100,69500,69500,10258562,-0.9971509971509971,69500
2022-03-16,70200,70500,69700,70400,10175750,1.2949640287769784,70400
2022-03-17,71200,71800,70900,71200,17646315,1.1363636363636365,71200
2022-03-18,70600,70900,70200,70700,14410038,-0.7022471910112359,70700
2022-03-21,70900,71000,69900,69900,11169002,-1.1315417256011315,69900
2022-03-22,69900,70500,69900,70300,9402666,0.5722460658082975,70300
2022-03-23,70600,71200,70300,70500,12398025,0.2844950213371266,70500
2022-03-24,69600,70300,69600,69800,37943357,-0.9929078014184398,69800
2022-03-25,70100,70200,69600,69800,12986010,0.0,69800
2022-03-28,69500,69900,69200,69700,12619289,-0.14326647564469913,69700
2022-03-29,70000,70300,69800,70200,13686208,0.7173601147776184,70200
2022-03-30,70300,70500,69800,69900,12670187,-0.4273504273504274,69900
2022-03-31,69900,70200,69600,69600,12510366,-0.4291845493562232,69600
2022-04-01,69500,69500,69000,69100,15916846,-0.7183908045977011,69100
2022-04-04,68900,69300,68600,69300,11107905,0.2894356005788712,69300
2022-04-05,69400,69600,69100,69200,8467248,-0.1443001443001443,69200
2022-04-06,68600,68800,68500,68500,15517308,-1.0115606936416186,68500
2022-04-07,68500,68500,68000,68000,20683327,-0.7299270072992701,68000
2022-04-08,68100,68300,67700,67800,15453191,-0.29411764705882354,67800
2022-04-11,67800,68100,67400,67900,12263735,0.14749262536873156,67900
2022-04-12,67600,67700,67000,67000,13924389,-1.3254786450662739,67000
2022-04-13,67300,69000,67200,68700,17378619,2.5373134328358207,68700
2022-04-14,68700,68700,67500,67500,16409494,-1.7467248908296942,67500
2022-04-15,67200,67300,66500,66600,13176415,-1.3333333333333335,66600
2022-04-18,66500,67100,66100,66700,10119203,0.15015015015015015,66700
2022-04-19,67100,68000,67000,67300,12959434,0.8995502248875562,67300
2022-04-20,67000,67400,66500,67400,16693293,0.1485884101040119,67400
2022-04-21,67600,68300,67500,67700,12847448,0.44510385756676557,67700
2022-04-22,67200,67300,66700,67000,11791478,-1.03397341211226,67000
2022-04-25,66500,66700,66300,66300,11016474,-1.0447761194029852,66300
2022-04-26,66400,66700,66100,66100,12946923,-0.301659125188537,66100
2022-04-27,65400,65500,64900,65000,18122084,-1.6641452344931922,65000
2022-04-28,65400,65500,64500,64800,16895527,-0.3076923076923077,64800
2022-04-29,65100,67600,65000,67400,26190390,4.012345679012346,67400
2022-05-02,66600,67600,66500,67300,14106184,-0.1483679525222552,67300
2022-05-03,67400,68400,67300,67500,14168875,0.2971768202080238,67500
2022-05-04,68000,68400,67500,67900,11505248,0.5925925925925926,67900
2022-05-06,67000,67100,66500,66500,14356156,-2.0618556701030926,66500
2022-05-09,66300,66900,66100,66100,11858736,-0.6015037593984963,66100
2022-05-10,65900,66300,65300,65700,17235605,-0.6051437216338881,65700
2022-05-11,65500,66300,65200,65700,12330920,0.0,65700
2022-05-12,65200,65500,64900,64900,16414188,-1.21765601217656,64900
2022-05-13,65300,66700,65200,66500,14551536,2.465331278890601,66500
2022-05-16,67100,67400,66100,66300,11937555,-0.30075187969924816,66300
2022-05-17,66600,67900,66600,67600,15680447,1.9607843137254901,67600
2022-05-18,68300,68700,67600,68100,16486319,0.7396449704142012,68100
2022-05-19,66500,67600,66500,67500,17073727,-0.881057268722467,67500
2022-05-20,67800,68400,67700,68000,12109671,0.7407407407407408,68000
2022-05-23,68800,68800,67600,67900,13684088,-0.14705882352941177,67900
2022-05-24,67500,67700,66500,66500,15482576,-2.0618556701030926,66500
2022-05-25,66700,67100,65900,66400,15150490,-0.15037593984962408,66400
2022-05-26,66300,67200,65500,65900,15970890,-0.7530120481927711,65900
2022-05-27,66700,66900,66200,66500,11405555,0.9104704097116844,66500
2022-05-30,67500,67800,66900,67700,14255484,1.8045112781954888,67700
2022-05-31,67500,67500,66700,67400,24365002,-0.4431314623338257,67400
2022-06-02,66600,67000,66400,66700,14959443,-1.0385756676557862,66700
2022-06-03,67200,67300,66800,66800,8222883,0.14992503748125938,66800
2022-06-07,66200,66400,65400,65500,19355755,-1.9461077844311379,65500
2022-06-08,65400,65700,65300,65300,12483180,-0.3053435114503817,65300
2022-06-09,65100,65200,64500,65200,25790725,-0.1531393568147014,65200
2022-06-10,64000,64400,63800,63800,22193552,-2.147239263803681,63800
2022-06-13,62400,62800,62100,62100,22157816,-2.664576802507837,62100
2022-06-14,61200,62200,61100,61900,24606419,-0.322061191626409,61900
2022-06-15,61300,61500,60200,60700,26811224,-1.938610662358643,60700
2022-06-16,61300,61800,60500,60900,23394895,0.3294892915980231,60900
2022-06-17,59400,59900,59400,59800,29053450,-1.8062397372742198,59800
2022-06-20,59800,59900,58100,58700,34111306,-1.839464882943144,58700
2022-06-21,58700,59200,58200,58500,25148109,-0.34071550255536626,58500
2022-06-22,59000,59100,57600,57600,23334687,-1.5384615384615385,57600
2022-06-23,57700,58000,56800,57400,28338608,-0.3472222222222222,57400
2022-06-24,57900,59100,57700,58400,23256103,1.7421602787456445,58400
2022-06-27,59000,59900,58300,58800,18122236,0.684931506849315,58800
2022-06-28,59200,59500,58700,59400,13540538,1.0204081632653061,59400
2022-06-29,58500,58800,58000,58000,14677138,-2.356902356902357,58000
2022-06-30,57200,57600,57000,57000,18915142,-1.7241379310344827,57000
2022-07-01,56900,57500,55900,56200,24982097,-1.4035087719298245,56200
2022-07-04,56100,57400,55700,57100,17807126,1.601423487544484,57100
2022-07-05,57600,58200,57200,57200,14216539,0.17513134851138354,57200
2022-07-06,57300,57300,56400,56400,16820461,-1.3986013986013985,56400
2022-07-07,56400,58700,56300,58200,21322833,3.1914893617021276,58200
2022-07-08,58600,59300,58200,58700,15339271,0.859106529209622,58700
2022-07-11,59300,59600,58700,58800,13042624,0.17035775127768313,58800
2022-07-12,58600,58700,58100,58100,9336061,-1.1904761904761905,58100
2022-07-13,58300,58600,58000,58000,10841315,-0.17211703958691912,58000
2022-07-14,57500,58200,57400,57500,15067012,-0.8620689655172413,57500
2022-07-15,58400,60000,58100,60000,18685583,4.3478260869565215,60000
2022-07-18,60600,62000,60500,61900,20832517,3.166666666666667,61900
2022-07-19,61400,61500,60200,60900,15248261,-1.615508885298869,60900
2022-07-20,61800,62100,60500,60500,16782238,-0.6568144499178982,60500
2022-07-21,61100,61900,60700,61800,12291374,2.1487603305785123,61800
2022-07-22,61800,62200,61200,61300,10261310,-0.8090614886731391,61300
2022-07-25,60900,61900,60800,61100,9193681,-0.3262642740619902,61100
2022-07-26,60800,61900,60800,61700,6597211,0.9819967266775778,61700
2022-07-27,61300,61900,61200,61800,7320997,0.1620745542949757,61800
2022-07-28,62300,62600,61600,61900,10745302,0.16181229773462785,61900
2022-07-29,62400,62600,61300,61400,15093120,-0.8077544426494345,61400
2022-08-01,61000,61700,60300,61300,13154816,-0.16286644951140067,61300
2022-08-02,61200,61900,61000,61700,13614895,0.6525285481239804,61700
2022-08-03,61600,61600,61000,61300,10053861,-0.6482982171799028,61300
2022-08-04,61700,61800,61200,61500,9125439,0.3262642740619902,61500
2022-08-05,61700,61900,61200,61500,9567620,0.0,61500
2022-08-08,61400,61400,60600,60800,11313150,-1.1382113821138211,60800
2022-08-09,60600,60700,59600,60000,18251170,-1.3157894736842104,60000
2022-08-10,58900,59200,58600,59100,18084349,-1.5,59100
2022-08-11,59600,60000,59300,59900,15141941,1.353637901861252,59900
2022-08-12,59500,60700,59400,60200,10786658,0.5008347245409015,60200
2022-08-16,60500,61600,60300,61000,15036727,1.3289036544850499,61000
2022-08-17,61100,61200,60300,60400,9061518,-0.9836065573770493,60400
2022-08-18,60300,61900,60000,61500,16372754,1.8211920529801324,61500
2022-08-19,61400,61600,60600,60900,6923679,-0.975609756097561,60900
2022-08-22,60300,60400,59800,60000,8259865,-1.477832512315271,60000
2022-08-23,59000,59600,59000,59100,9041629,-1.5,59100
2022-08-24,59200,59500,59000,59000,8888486,-0.1692047377326565,59000
2022-08-25,59200,59700,59000,59700,5767902,1.1864406779661016,59700
2022-08-26,60300,60900,59900,60000,9499995,0.5025125628140703,60000
2022-08-29,58700,58900,58600,58600,9841329,-2.3333333333333335,58600
2022-08-30,58700,59000,58300,58800,9690044,0.3412969283276451,58800
2022-08-31,58200,59900,58200,59700,14203512,1.530612244897959,59700
2022-09-01,58700,58900,58300,58400,14905777,-2.1775544388609713,58400
2022-09-02,58300,58600,57500,57500,15040310,-1.5410958904109588,57500
2022-09-05,57400,57800,56800,57100,11425977,-0.6956521739130435,57100
2022-09-06,57200,57600,56900,57100,7503086,0.0,57100
2022-09-07,56700,56700,55900,56000,17384854,-1.926444833625219,56000
2022-09-08,56200,56400,55600,55600,18000016,-0.7142857142857143,55600
2022-09-13,57000,58500,56800,58100,17166581,4.496402877697841,58100
2022-09-14,56200,57200,56100,56800,12524961,-2.2375215146299485,56800
2022-09-15,57000,57100,56000,56000,11664819,-1.4084507042253522,56000
2022-09-16,55600,56400,55500,56200,13456503,0.35714285714285715,56200
2022-09-19,56300,57000,56000,56400,12278653,0.3558718861209964,56400
2022-09-20,56400,57000,55800,55800,14041465,-1.0638297872340425,55800
2022-09-21,55400,55500,55000,55300,11863700,-0.8960573476702508,55300
2022-09-22,54600,54700,54300,54400,12786510,-1.62748643761302,54400
2022-09-23,54400,54900,54200,54500,10555964,0.1838235294117647,54500
2022-09-26,53700,54200,53600,53900,15008449,-1.1009174311926606,53900
2022-09-27,53800,54200,53500,54200,16631289,0.5565862708719851,54200
2022-09-28,53900,54400,52500,52900,19991129,-2.3985239852398523,52900
2022-09-29,53300,53700,52600,52600,13882080,-0.5671077504725899,52600
2022-09-30,52300,53600,51800,53100,22503249,0.9505703422053232,53100
2022-10-04,55300,55400,54500,55200,19148435,3.954802259887006,55200
2022-10-05,56900,57200,55400,56000,22458970,1.4492753623188406,56000
2022-10-06,56700,57300,56300,56300,14944446,0.5357142857142857,56300
2022-10-07,55900,56900,55200,56200,16886813,-0.17761989342806395,56200
2022-10-11,54400,55700,54000,55400,21437877,-1.4234875444839856,55400
2022-10-12,55700,57000,55200,55800,18408910,0.7220216606498195,55800
2022-10-13,55400,56100,55200,55200,13784602,-1.0752688172043012,55200
2022-10-14,56200,56500,55800,56300,12924326,1.9927536231884055,56300
2022-10-17,55800,57000,55700,56600,13641878,0.5328596802841918,56600
2022-10-18,56700,57100,55800,56500,14820702,-0.17667844522968199,56500
2022-10-19,56700,56900,55700,55800,12660652,-1.238938053097345,55800
2022-10-20,55200,56000,55100,55500,17107653,-0.5376344086021506,55500
2022-10-21,55100,56300,55100,55900,11456060,0.7207207207207207,55900
2022-10-24,57000,57500,56700,57500,16944503,2.862254025044723,57500
2022-10-25,57000,58600,57000,57700,17405678,0.34782608695652173,57700
2022-10-26,58000,59600,57700,59400,20824967,2.946273830155979,59400
2022-10-27,59700,60100,58900,59500,21756712,0.16835016835016833,59500
2022-10-28,58900,59200,57200,57300,20924937,-3.697478991596639,57300
2022-10-31,58100,59900,58000,59400,18999514,3.664921465968586,59400
2022-11-01,59900,60300,59500,60000,17201647,1.0101010101010102,60000
2022-11-02,59700,60000,59300,59600,13202919,-0.6666666666666667,59600
2022-11-03,58600,59800,58100,59200,17492162,-0.6711409395973155,59200
2022-11-04,59100,59500,58400,59400,12445841,0.33783783783783783,59400
2022-11-07,59700,60300,59400,60200,12437246,1.3468013468013467,60200
2022-11-08,60500,61900,60500,61800,18273898,2.6578073089700998,61800
2022-11-09,62000,62200,61300,62000,14045592,0.3236245954692557,62000
2022-11-10,61400,61500,60400,60400,21087633,-2.5806451612903225,60400
2022-11-11,63100,63200,62300,62900,20037163,4.13907284768212,62900
2022-11-14,62900,62900,61700,61900,15973416,-1.5898251192368837,61900
2022-11-15,62200,62500,61600,62400,12310986,0.8077544426494345,62400
2022-11-16,62400,62700,61700,62700,12909260,0.4807692307692308,62700
2022-11-17,62000,62000,61300,61400,13298296,-2.073365231259968,61400
2022-11-18,61800,62400,61400,61800,12236503,0.6514657980456027,61800
2022-11-21,61400,61800,60800,61400,9378097,-0.6472491909385114,61400
2022-11-22,60900,61200,60300,60600,9411289,-1.3029315960912053,60600
2022-11-23,61200,61300,60700,61000,8765050,0.6600660066006601,61000
2022-11-24,61200,61700,60900,61400,8125010,0.6557377049180327,61400
2022-11-25,61400,61700,60800,61000,6677933,-0.6514657980456027,61000
2022-11-28,60500,60500,59800,60100,8589032,-1.4754098360655739,60100
2022-11-29,59900,60600,59800,60600,7014160,0.8319467554076538,60600
2022-11-30,60400,62200,60200,62200,19768903,2.6402640264026402,62200
2022-12-01,63100,63200,62300,62600,16631445,0.6430868167202572,62600
2022-12-02,62500,62500,60400,60400,15331184,-3.5143769968051117,60400
2022-12-05,60900,61100,60000,60300,13767787,-0.16556291390728478,60300
2022-12-06,59800,60100,59200,59200,13888300,-1.8242122719734661,59200
2022-12-07,58800,59600,58500,58900,12100662,-0.5067567567567568,58900
2022-12-08,58700,59200,58600,59200,12986815,0.5093378607809848,59200
2022-12-09,59300,60600,59300,60400,10529632,2.027027027027027,60400
2022-12-12,59900,60000,59400,59500,9036472,-1.490066225165563,59500
2022-12-13,59600,60300,59400,59700,9040873,0.33613445378151263,59700
2022-12-14,59800,60600,59800,60500,8207485,1.340033500837521,60500
2022-12-15,59800,60200,59300,59300,8716039,-1.9834710743801653,59300
2022-12-16,58300,59500,58300,59500,13033596,0.33726812816188867,59500
2022-12-19,59500,59900,59100,59500,7696187,0.0,59500
2022-12-20,59000,59100,58500,58600,9284761,-1.5126050420168067,58600
2022-12-21,58700,59100,58000,58000,10356971,-1.023890784982935,58000
2022-12-22,58100,59100,58100,59100,10720630,1.896551724137931,59100
2022-12-23,58200,58400,57700,58100,9829407,-1.6920473773265652,58100
2022-12-26,58000,58100,57700,57900,6756411,-0.34423407917383825,57900
2022-12-27,58000,58400,57900,58100,10667027,0.3454231433506045,58100
2022-12-28,57600,57600,56400,56600,14665410,-2.5817555938037864,56600
2022-12-29,56000,56200,55300,55300,11295935,-2.2968197879858656,55300
2023-01-02,55500,56100,55200,55500,10031448,0.3616636528028933,55500
2023-01-03,55400,56000,54500,55400,13547030,-0.18018018018018017,55400
2023-01-04,55700,58000,55600,57800,20188071,4.332129963898916,57800
2023-01-05,58200,58800,57600,58200,15682826,0.6920415224913495,58200
2023-01-06,58300,59400,57900,59000,17334989,1.3745704467353952,59000
2023-01-09,59700,60700,59600,60700,18640107,2.8813559322033897,60700
2023-01-10,60200,61100,59900,60400,14859797,-0.4942339373970346,60400
2023-01-11,61000,61200,60300,60500,12310751,0.16556291390728478,60500
2023-01-12,61100,61200,59900,60500,16102561,0.0,60500
2023-01-13,60500,61200,60400,60800,12510328,0.49586776859504134,60800
2023-01-16,61300,61600,60800,61100,10039972,0.4934210526315789,61100
2023-01-17,61200,61500,60600,61000,9831456,-0.16366612111292964,61000
2023-01-18,60700,61000,59900,60400,11584041,-0.9836065573770493,60400
2023-01-19,60500,61500,60400,61500,12808490,1.8211920529801324,61500
2023-01-20,62100,62300,61100,61800,9646327,0.4878048780487805,61800
2023-01-25,63500,63700,63000,63400,16822710,2.5889967637540456,63400
2023-01-26,63800,63900,63300,63900,13278277,0.7886435331230284,63900
2023-01-27,64400,65000,63900,64600,18760182,1.0954616588419406,64600
2023-01-30,64900,64900,63100,63300,20995234,-2.0123839009287927,63300
2023-01-31,63500,63700,61000,61000,29746731,-3.6334913112164293,61000
2023-02-01,62600,62700,61000,61800,18570133,1.3114754098360655,61800
2023-02-02,63200,63900,62600,63500,23285983,2.750809061488673,63500
2023-02-03,63900,64000,63000,63800,15194598,0.47244094488188976,63800
2023-02-06,62800,63000,61600,61600,15529356,-3.4482758620689653,61600
2023-02-07,61900,62500,61600,61900,14491039,0.487012987012987,61900
2023-02-08,62800,63300,62400,63100,12243125,1.938610662358643,63100
2023-02-09,63000,63300,62300,63000,12164865,-0.15847860538827258,63000
2023-02-10,62600,63000,62400,62800,9382576,-0.31746031746031744,62800
2023-02-13,62900,63000,62300,62900,10730362,0.15923566878980894,62900
2023-02-14,63600,63900,63200,63200,9126664,0.47694753577106513,63200
2023-02-15,63900,63900,62000,62200,13208103,-1.5822784810126582,62200
2023-02-16,62500,63700,62400,63700,13798831,2.4115755627009645,63700
2023-02-17,62900,63300,62400,62600,10791265,-1.726844583987441,62600
2023-02-20,62900,63000,61800,62700,12908073,0.1597444089456869,62700
2023-02-21,62700,62800,62000,62100,7665046,-0.9569377990430622,62100
2023-02-22,61500,61800,61000,61100,11959088,-1.610305958132045,61100
2023-02-23,61700,62500,61500,62000,13047099,1.4729950900163666,62000
2023-02-24,62300,62600,61300,61300,10308143,-1.129032258064516,61300
2023-02-27,60800,60800,60200,60500,11155697,-1.3050570962479608,60500
2023-02-28,60800,61400,60500,60600,13715861,0.1652892561983471,60600
2023-03-02,60900,61800,60500,60800,13095682,0.33003300330033003,60800
2023-03-03,61000,61200,60500,60500,10711405,-0.4934210526315789,60500
2023-03-06,61100,61600,60800,61500,13630602,1.6528925619834711,61500
2023-03-07,61400,61400,60700,60700,11473280,-1.3008130081300813,60700
2023-03-08,60100,60500,59900,60300,14161857,-0.6589785831960462,60300
2023-03-09,60500,60800,59900,60100,14334499,-0.33167495854063017,60100
2023-03-10,59500,59700,59100,59500,11902471,-0.9983361064891847,59500
2023-03-13,59900,60200,59300,60000,12779724,0.8403361344537815,60000
2023-03-14,59400,59500,59000,59000,12147346,-1.6666666666666667,59000
2023-03-15,60000,60300,59600,59800,10482149,1.3559322033898304,59800
2023-03-16,59200,60200,59100,59900,10611939,0.16722408026755853,59900
2023-03-17,60800,61300,60600,61300,14090110,2.337228714524207,61300
2023-03-20,61100,61200,60200,60200,9618009,-1.794453507340946,60200
2023-03-21,60500,60700,60100,60300,8318514,0.16611295681063123,60300
2023-03-22,61000,61200,60500,61100,8978591,1.3266998341625207,61100
2023-03-23,60600,62300,60600,62300,15381057,1.9639934533551555,62300
2023-03-24,62700,63300,62300,63000,18278602,1.1235955056179776,63000
2023-03-27,62600,62800,62000,62100,11039331,-1.4285714285714286,62100
2023-03-28,62400,62900,62100,62900,11614118,1.288244766505636,62900
2023-03-29,62500,62700,62200,62700,11216008,-0.3179650238473768,62700
2023-03-30,63700,63700,63100,63200,15684377,0.7974481658692184,63200
2023-03-31,64000,64000,63700,64000,14094479,1.2658227848101267,64000
2023-04-03,64000,64000,63000,63100,11973133,-1.40625,63100
2023-04-04,63400,63800,62800,63600,11120514,0.7923930269413629,63600
2023-04-05,63700,64000,63400,63900,9176149,0.4716981132075472,63900
2023-04-06,63500,63600,62300,62300,14992747,-2.503912363067293,62300
2023-04-07,63800,65200,63800,65000,27476120,4.333868378812198,65000
2023-04-10,64800,66300,64700,65700,18777166,1.0769230769230769,65700
2023-04-11,66200,66200,65400,65900,16323183,0.30441400304414,65900
2023-04-12,65800,66200,65300,66000,15021313,0.15174506828528073,66000
2023-04-13,65600,66100,65400,66100,15091022,0.15151515151515152,66100
2023-04-14,66600,66600,65000,65100,16176490,-1.5128593040847202,65100
2023-04-17,65000,65600,64700,65300,13486618,0.30721966205837176,65300
2023-04-18,65900,66000,64800,65600,14802060,0.45941807044410415,65600
2023-04-19,65500,65800,65300,65500,10255985,-0.1524390243902439,65500
2023-04-20,65100,65300,64600,65300,9501169,-0.3053435114503817,65300
2023-04-21,65800,65900,65400,65700,10538622,0.6125574272588056,65700
2023-04-24,65300,65700,64800,65200,12986581,-0.76103500761035,65200
2023-04-25,65300,65400,63400,63600,16193271,-2.4539877300613497,63600
2023-04-26,63600,64300,63300,64100,12664541,0.7861635220125787,64100
2023-04-27,64100,65000,63300,64600,14779601,0.7800312012480499,64600
2023-04-28,65200,65900,65000,65500,19699481,1.393188854489164,65500
2023-05-02,66000,66300,65100,65700,14396948,0.3053435114503817,65700
2023-05-03,65100,65600,64900,65400,8876749,-0.45662100456621,65400
2023-05-04,65600,65700,64700,65100,9791064,-0.45871559633027525,65100
2023-05-08,66300,66300,65400,65900,9405365,1.228878648233487,65900
2023-05-09,65800,65800,65100,65300,9366861,-0.9104704097116844,65300
2023-05-10,65500,65500,64300,64600,13057727,-1.0719754977029097,64600
2023-05-11,64700,65100,64200,64200,11648905,-0.6191950464396285,64200
2023-05-12,63700,64600,63600,64100,8693913,-0.1557632398753894,64100
2023-05-15,64100,64600,63900,64500,8172021,0.62402496099844,64500
2023-05-16,65800,65900,65300,65400,12334657,1.3953488372093024,65400
2023-05-17,65900,65900,64800,65000,10745504,-0.6116207951070336,65000
2023-05-18,66000,66200,65700,66200,14431704,1.8461538461538463,66200
2023-05-19,67800,68400,67500,68400,20349345,3.3232628398791544,68400
2023-05-22,68400,69000,68000,68500,14470308,0.14619883040935672,68500
2023-05-23,68500,68700,68100,68400,8561643,-0.145985401459854,68400
2023-05-24,68100,68700,68000,68500,8192896,0.14619883040935672,68500
2023-05-25,69900,70000,68700,68800,14231160,0.43795620437956206,68800
2023-05-26,69800,70400,69500,70300,19549511,2.1802325581395348,70300
2023-05-30,71300,72300,71200,72300,27476897,2.844950213371266,72300
2023-05-31,72400,72500,71000,71400,25666087,-1.2448132780082988,71400
2023-06-01,70900,71600,70600,70900,14669296,-0.700280112044818,70900
2023-06-02,71700,72200,71600,72200,12161798,1.8335684062059237,72200
2023-06-05,72700,72700,71400,71700,12686829,-0.6925207756232686,71700
2023-06-07,71300,71600,70800,71000,14796613,-0.9762900976290098,71000
2023-06-08,70400,70900,70000,70900,19165568,-0.14084507042253522,70900
2023-06-09,71100,72300,70800,72000,15050209,1.5514809590973202,72000
2023-06-12,72100,72400,70800,71000,12064287,-1.3888888888888888,71000
2023-06-13,71700,72200,71600,72000,13227285,1.4084507042253522,72000
2023-06-14,72100,72200,71100,71900,12541046,-0.1388888888888889,71900
2023-06-15,72100,72300,71300,71500,13614994,-0.5563282336578581,71500
2023-06-16,71800,71900,70900,71800,15373696,0.4195804195804196,71800
2023-06-19,71300,71700,70900,71200,11100887,-0.8356545961002786,71200
2023-06-20,70700,71400,70400,71400,11557883,0.2808988764044944,71400
2023-06-21,70700,71200,70400,70500,10626603,-1.2605042016806722,70500
2023-06-22,70200,71500,70100,71300,11411007,1.1347517730496455,71300
2023-06-23,72000,72200,71600,71600,12329484,0.42075736325385693,71600
2023-06-26,71700,72500,71500,72400,10541901,1.1173184357541899,72400
2023-06-27,72500,72600,72000,72600,9442997,0.2762430939226519,72600
2023-06-28,72600,72700,72000,72700,8783093,0.13774104683195593,72700
2023-06-29,73100,73400,72400,72400,12229967,-0.41265474552957354,72400
2023-06-30,72500,72700,71700,72200,11694765,-0.2762430939226519,72200
2023-07-03,72700,73200,72600,73000,10722181,1.10803324099723,73000
2023-07-04,73400,73600,72900,73000,10214350,0.0,73000
2023-07-05,73000,73300,71900,72000,12310610,-1.36986301369863,72000
2023-07-06,71900,72400,71500,71600,14777667,-0.5555555555555556,71600
2023-07-07,71100,71400,69800,69900,17308877,-2.3743016759776534,69900
2023-07-10,70000,70400,69200,69500,11713926,-0.5722460658082975,69500
2023-07-11,70200,71500,70100,71500,12177392,2.877697841726619,71500
2023-07-12,71200,72000,71100,71900,10375581,0.5594405594405595,71900
2023-07-13,72400,72600,71900,71900,14417279,0.0,71900
2023-07-14,72500,73400,72400,73400,15882519,2.086230876216968,73400
2023-07-17,73200,73500,72800,73300,10060049,-0.13623978201634876,73300
2023-07-18,73200,73500,72000,72000,11697900,-1.7735334242837655,72000
2023-07-19,72700,72800,71300,71700,10896412,-0.4166666666666667,71700
2023-07-20,71100,71500,70800,71000,9732730,-0.9762900976290098,71000
2023-07-21,70400,70400,69400,70300,16528926,-0.9859154929577465,70300
2023-07-24,70100,70900,69900,70400,13418597,0.1422475106685633,70400
2023-07-25,70000,70500,69800,70000,14314945,-0.5681818181818182,70000
2023-07-26,69800,70600,68100,69800,30016221,-0.2857142857142857,69800
2023-07-27,69900,71700,69300,71700,24261179,2.722063037249284,71700
2023-07-28,71800,72400,70100,70600,19420683,-1.5341701534170153,70600
2023-07-31,70900,71000,69800,69800,13035420,-1.13314447592068,69800
2023-08-01,70100,71200,70000,71100,12299254,1.8624641833810889,71100
2023-08-02,70700,71000,69800,69900,13835020,-1.6877637130801686,69900
2023-08-03,69900,70200,68500,68800,20087090,-1.5736766809728182,68800
2023-08-04,68800,69100,68200,68300,12360193,-0.7267441860465116,68300
2023-08-07,67700,69200,67600,68500,10968505,0.29282576866764276,68500
2023-08-08,69000,69100,67400,67600,14664709,-1.313868613138686,67600
2023-08-09,68000,69600,67900,68900,17259673,1.9230769230769231,68900
2023-08-10,68300,68500,67800,68000,10227311,-1.3062409288824384,68000
2023-08-11,68400,68800,67500,67500,9781038,-0.7352941176470588,67500
2023-08-14,67500,67900,66900,67300,9352343,-0.2962962962962963,67300
2023-08-16,66700,67100,66300,67000,13174578,-0.44576523031203563,67000
2023-08-17,66300,66800,66000,66700,10778652,-0.44776119402985076,66700
2023-08-18,66000,66700,65800,66300,11745006,-0.5997001499250375,66300
2023-08-21,66600,67100,66300,66600,9720067,0.4524886877828055,66600
2023-08-22,67200,67700,66300,66600,10500242,0.0,66600
2023-08-23,66700,67100,66400,67100,9549352,0.7507507507507507,67100
2023-08-24,68300,68700,67900,68200,15044463,1.639344262295082,68200
2023-08-25,67100,67400,66900,67100,7032462,-1.6129032258064515,67100
2023-08-28,66800,67000,66500,66800,5824628,-0.44709388971684055,66800
2023-08-29,66900,67200,66600,66800,9114352,0.0,66800
2023-08-30,67300,67700,67100,67100,9181223,0.4491017964071856,67100
2023-08-31,67100,67200,66400,66900,15964630,-0.29806259314456035,66900
2023-09-01,66800,71000,66700,71000,29738235,6.128550074738415,71000
2023-09-04,72900,72900,70700,71200,26286495,0.28169014084507044,71200
2023-09-05,70900,71500,70200,70700,12330239,-0.7022471910112359,70700
2023-09-06,70700,70800,69700,70000,11414620,-0.9900990099009901,70000
2023-09-07,70000,70600,69600,70400,13741241,0.5714285714285714,70400
2023-09-08,70200,70300,69600,70300,10688118,-0.14204545454545456,70300
2023-09-11,70400,70800,70000,70800,11785462,0.7112375533428165,70800
2023-09-12,70800,71000,70400,70500,11688599,-0.423728813559322,70500
2023-09-13,71100,71600,70300,70900,15955797,0.5673758865248227,70900
2023-09-14,71200,71800,70800,71700,21041407,1.1283497884344147,71700
2023-09-15,71700,72300,71400,72000,17823512,0.41841004184100417,72000
2023-09-18,71300,71700,70200,70200,16040727,-2.5,70200
2023-09-19,70400,70800,69600,69800,11820188,-0.5698005698005698,69800
2023-09-20,70000,70300,69500,69600,10873015,-0.28653295128939826,69600
2023-09-21,69200,69800,68800,68900,10796336,-1.0057471264367817,68900
2023-09-22,68300,68900,68300,68800,9897840,-0.14513788098693758,68800
2023-09-25,68500,69700,68500,69400,13582516,0.872093023255814,69400
2023-09-26,70000,70000,68400,68600,13143470,-1.1527377521613833,68600
2023-09-27,68600,69100,68200,68400,14886491,-0.2915451895043732,68400
2023-10-04,67400,67700,66700,67500,23361149,-1.3157894736842104,67500
2023-10-05,67300,67400,66700,66700,16108313,-1.1851851851851851,66700
2023-10-06,67100,67300,66000,66000,14386527,-1.0494752623688157,66000
2023-10-10,66200,67600,66200,66400,19889202,0.6060606060606061,66400
2023-10-11,68600,69400,67900,68200,25209349,2.710843373493976,68200
2023-10-12,68600,69700,68200,68900,19311380,1.0263929618768328,68900
2023-10-13,68000,68500,67700,68000,9724086,-1.3062409288824384,68000
2023-10-16,67900,68500,66800,67300,12599299,-1.0294117647058822,67300
2023-10-17,67700,69900,67400,69400,17299253,3.1203566121842496,69400
2023-10-18,68900,70500,68800,70500,16493184,1.585014409221902,70500
2023-10-19,69700,70000,69400,69500,13985012,-1.4184397163120568,69500
2023-10-20,68900,69200,68100,68800,15204495,-1.0071942446043165,68800
2023-10-23,68700,69100,68200,68400,11625959,-0.5813953488372093,68400
2023-10-24,68700,68800,67700,68500,12791710,0.14619883040935672,68500
2023-10-25,68800,68800,67900,68000,10610703,-0.7299270072992701,68000
2023-10-26,67000,67900,66700,66700,15517624,-1.911764705882353,66700
2023-10-27,67100,67300,66700,67300,11334726,0.8995502248875562,67300
2023-10-30,66800,67800,66700,67300,10139270,0.0,67300
2023-10-31,67600,68300,66900,66900,14488892,-0.5943536404160475,66900
2023-11-01,67500,68900,67300,68600,13775256,2.5411061285500747,68600
2023-11-02,70000,70000,69400,69700,16350031,1.6034985422740524,69700
2023-11-03,69700,70200,69500,69600,10322234,-0.1434720229555237,69600
2023-11-06,69800,70900,69300,70900,22228489,1.8678160919540232,70900
2023-11-07,70600,70900,70000,70900,17228731,0.0,70900
2023-11-08,71300,71400,69700,69900,12901310,-1.4104372355430184,69900
2023-11-09,69900,70800,69600,70300,12301373,0.5722460658082975,70300
2023-11-10,70000,70500,69500,70500,9684347,0.2844950213371266,70500
2023-11-13,71300,71300,70300,70400,9246919,-0.14184397163120568,70400
2023-11-14,71000,71100,70600,70800,9567984,0.5681818181818182,70800
2023-11-15,71600,72200,71500,72200,20148677,1.977401129943503,72200
2023-11-16,72500,73000,72300,72800,15860451,0.8310249307479225,72800
2023-11-17,72300,73000,72300,72500,11494644,-0.4120879120879121,72500
2023-11-20,72100,73000,72100,72700,10610157,0.27586206896551724,72700
2023-11-21,73100,73400,72700,72800,9712881,0.1375515818431912,72800
2023-11-22,72200,73000,71900,72800,11105143,0.0,72800
2023-11-23,73000,73200,72200,72400,6775614,-0.5494505494505495,72400
2023-11-24,72400,72600,71700,71700,6676685,-0.9668508287292817,71700
2023-11-27,71500,72100,71100,71300,9113857,-0.5578800557880056,71300
2023-11-28,71400,72700,71300,72700,13283081,1.9635343618513323,72700
2023-11-29,72400,72800,72200,72700,9283933,0.0,72700
2023-11-30,72700,72800,72200,72800,15783714,0.1375515818431912,72800
2023-12-01,72400,72500,71700,72000,9871284,-1.098901098901099,72000
2023-12-04,72800,72900,72400,72600,10229267,0.8333333333333334,72600
2023-12-05,72300,72400,71200,71200,12129682,-1.9283746556473829,71200
2023-12-06,71800,72100,71600,71700,8123087,0.7022471910112359,71700
2023-12-07,71800,71900,71100,71500,8862017,-0.2789400278940028,71500
2023-12-08,72100,72800,71900,72600,10859463,1.5384615384615385,72600
2023-12-11,72800,73000,72200,73000,9861960,0.5509641873278237,73000
2023-12-12,73300,73500,73100,73500,13758646,0.684931506849315,73500
2023-12-13,73300,73500,72800,72800,13116766,-0.9523809523809524,72800
2023-12-14,74100,74300,72500,73100,27567593,0.4120879120879121,73100
2023-12-15,73800,74000,73200,73300,15419815,0.27359781121751026,73300
2023-12-18,73300,73400,72800,72900,9690551,-0.5457025920873124,72900
2023-12-19,73000,73400,72800,73400,8907632,0.6858710562414266,73400
2023-12-20,74200,74900,73800,74800,16870156,1.9073569482288828,74800
2023-12-21,74600,75000,74300,75000,13478766,0.267379679144385,75000
2023-12-22,75800,76300,75400,75900,14515608,1.2,75900
2023-12-26,76100,76700,75700,76600,13164909,0.922266139657444,76600
2023-12-27,76700,78000,76500,78000,20651042,1.8276762402088773,78000
2023-12-28,77700,78500,77500,78500,17797536,0.641025641025641,78500
2024-01-02,78200,79800,78200,79600,17142847,1.4012738853503186,79600
2024-01-03,78500,78800,77000,77000,21753644,-3.2663316582914574,77000
2024-01-04,76100,77300,76100,76600,15324439,-0.5194805194805194,76600
2024-01-05,76700,77100,76400,76600,11304316,0.0,76600
2024-01-08,77000,77500,76400,76500,11088724,-0.13054830287206268,76500
2024-01-09,77400,77700,74300,74700,26019249,-2.3529411764705883,74700
2024-01-10,75000,75200,73200,73600,20259529,-1.4725568942436411,73600
2024-01-11,72900,73600,72700,73200,57691266,-0.5434782608695652,73200
2024-01-12,73000,74100,72800,73100,13038939,-0.1366120218579235,73100
2024-01-15,73200,74000,73200,73900,13212339,1.094391244870041,73900
2024-01-16,73500,73700,72500,72600,14760415,-1.7591339648173208,72600
2024-01-17,73100,73300,71000,71000,22683660,-2.203856749311295,71000
2024-01-18,71600,72000,70700,71700,17853397,0.9859154929577465,71700
2024-01-19,73500,74700,73000,74700,23363427,4.184100418410042,74700
2024-01-22,75900,76000,75000,75100,19673375,0.535475234270415,75100
2024-01-23,75700,75800,74300,75200,14786224,0.13315579227696406,75200
2024-01-24,75200,75200,73500,74000,12860661,-1.5957446808510638,74000
2024-01-25,74200,74800,73700,74100,11737747,0.13513513513513514,74100
2024-01-26,73700,74500,73300,73400,11160062,-0.9446693657219973,73400
2024-01-29,73800,75200,73500,74400,13976521,1.3623978201634876,74400
2024-01-30,75000,75300,73700,74300,12244418,-0.13440860215053765,74300
2024-01-31,73400,74000,72500,72700,15703560,-2.1534320323014806,72700
2024-02-01,73000,74200,72900,73600,19881033,1.2379642365887207,73600
2024-02-02,74000,75200,73700,75200,14955881,2.1739130434782608,75200
2024-02-05,74200,74800,73500,74300,19026021,-1.196808510638298,74300
2024-02-06,74300,74700,73300,74400,14559254,0.13458950201884254,74400
2024-02-07,74600,75500,74300,75000,16566445,0.8064516129032258,75000
2024-02-08,75000,75200,73600,74100,20810708,-1.2,74100
2024-02-13,74800,75200,74400,75200,21966745,1.484480431848853,75200
2024-02-14,73700,74300,73700,74000,12434945,-1.5957446808510638,74000
2024-02-15,74200,74400,73000,73000,14120600,-1.3513513513513513,73000
2024-02-16,73300,73400,72500,72800,13444781,-0.273972602739726,72800
2024-02-19,72800,73900,72800,73800,12726404,1.3736263736263736,73800
2024-02-20,73700,73700,72800,73300,14681477,-0.6775067750677507,73300
2024-02-21,73400,73700,72900,73000,11503495,-0.4092769440654843,73000
2024-02-22,73800,73900,72700,73100,15208934,0.136986301369863,73100
2024-02-23,73600,74200,72900,72900,16225166,-0.27359781121751026,72900
2024-02-26,72300,73200,72200,72800,14669352,-0.1371742112482853,72800
2024-02-27,73100,73400,72700,72900,13201981,0.13736263736263737,72900
2024-02-28,72900,73900,72800,73200,11795859,0.411522633744856,73200
2024-02-29,72600,73400,72000,73400,21176403,0.273224043715847,73400
2024-03-04,74300,75000,74000,74900,23210474,2.043596730245232,74900
2024-03-05,74600,74800,73700,73700,19505125,-1.602136181575434,73700
2024-03-06,73200,73500,72700,72900,21547905,-1.0854816824966078,72900
2024-03-07,73100,73300,72200,72200,14516963,-0.9602194787379973,72200
2024-03-08,72800,73400,72600,73300,19271349,1.5235457063711912,73300
2024-03-11,72900,73100,72300,72400,9740504,-1.227830832196453,72400
2024-03-12,72600,73500,72100,73300,13011654,1.2430939226519337,73300
2024-03-13,73700,74100,73500,74100,15243134,1.0914051841746248,74100
2024-03-14,74400,74500,73600,74300,22545539,0.2699055330634278,74300
2024-03-15,73400,73700,72300,72300,22580555,-2.6917900403768504,72300
2024-03-18,72600,73000,72500,72800,11520348,0.6915629322268326,72800
2024-03-19,72300,73000,71700,72800,15376066,0.0,72800
2024-03-20,73700,77200,73400,76900,50106297,5.631868131868132,76900
2024-03-21,79200,79300,77700,79300,44569799,3.1209362808842656,79300
2024-03-22,79600,79900,77800,78900,26724761,-0.5044136191677175,78900
2024-03-25,79600,79800,77800,78200,18703996,-0.8871989860583016,78200
2024-03-26,79700,80100,79200,79900,30551494,2.1739130434782608,79900
2024-03-27,79200,80000,79200,79800,17424595,-0.1251564455569462,79800
2024-03-28,79400,81000,79200,80800,25084812,1.2531328320802004,80800
2024-03-29,81200,82500,80900,82400,27126366,1.9801980198019802,82400
2024-04-01,83200,83300,82000,82000,20116513,-0.48543689320388345,82000
2024-04-02,82900,85000,82900,85000,37077944,3.6585365853658534,85000
2024-04-03,84300,85000,83500,84100,30493347,-1.0588235294117647,84100
2024-04-04,85200,85500,84300,85300,25248934,1.426872770511296,85300
2024-04-05,84500,85000,83800,84500,18883752,-0.9378663540445485,84500
2024-04-08,85200,86000,84500,84500,18953232,0.0,84500
2024-04-09,84500,84900,83100,83600,23725956,-1.0650887573964496,83600
2024-04-11,83200,84700,82500,84100,25538009,0.5980861244019139,84100
2024-04-12,84700,84900,83200,83700,17061770,-0.47562425683709864,83700
2024-04-15,82900,83200,81200,82200,26663772,-1.7921146953405016,82200
2024-04-16,81200,81300,79400,80000,31949845,-2.67639902676399,80000
2024-04-17,80700,80800,78900,78900,22611631,-1.375,78900
2024-04-18,78800,80100,78300,79600,21370190,0.8871989860583016,79600
2024-04-19,78300,78700,76300,77600,31317563,-2.512562814070352,77600
2024-04-22,77400,77500,75100,76100,30469477,-1.9329896907216495,76100
2024-04-23,76400,76800,75500,75500,18717699,-0.7884362680683311,75500
2024-04-24,77500,78800,77200,78600,22166150,4.105960264900662,78600
2024-04-25,77300,77500,76300,76300,15549134,-2.926208651399491,76300
2024-04-26,77800,77900,76500,76700,12755629,0.5242463958060288,76700
2024-04-29,77400,77600,76200,76700,14664474,0.0,76700
2024-04-30,77000,78500,76600,77500,19007007,1.0430247718383312,77500
2024-05-02,77600,78600,77300,78000,18900640,0.6451612903225806,78000
2024-05-03,79000,79000,77500,77600,13151889,-0.5128205128205128,77600
2024-05-07,79600,81300,79400,81300,26238868,4.768041237113402,81300
2024-05-08,80800,81400,80500,81300,13089576,0.0,81300
2024-05-09,81100,81500,79700,79700,18759935,-1.968019680196802,79700
2024-05-10,80400,81100,78900,79200,16976124,-0.6273525721455459,79200
2024-05-13,79400,79900,77600,78400,18652344,-1.0101010101010102,78400
2024-05-14,78600,78800,77900,78300,11763992,-0.12755102040816327,78300
2024-05-16,80200,80300,78100,78200,20989778,-0.1277139208173691,78200
2024-05-17,78600,78800,77200,77400,15918201,-1.0230179028132993,77400
2024-05-20,78100,79100,77900,78900,19456783,1.937984496124031,78900
2024-05-21,78500,79000,78200,78400,13690583,-0.6337135614702154,78400
2024-05-22,78100,78700,77300,77700,19521506,-0.8928571428571428,77700
2024-05-23,77700,79100,77100,78300,18728087,0.7722007722007722,78300
2024-05-24,76800,77000,75700,75900,27891278,-3.065134099616858,75900
2024-05-27,75300,78200,74000,77200,43825202,1.7127799736495388,77200
2024-05-28,76500,78000,76200,77600,18539072,0.5181347150259068,77600
2024-05-29,77700,78200,75200,75200,30244875,-3.0927835051546393,75200
2024-05-30,74800,75200,73500,73500,28551273,-2.2606382978723407,73500
2024-05-31,74500,74700,73500,73500,26198776,0.0,73500
2024-06-03,74400,76400,74200,75700,15706268,2.9931972789115644,75700
2024-06-04,74900,76100,74900,75300,14098053,-0.5284015852047557,75300
2024-06-05,78000,78000,76800,77400,23177968,2.788844621513944,77400
2024-06-07,78400,78600,77100,77300,21189349,-0.12919896640826875,77300
2024-06-10,76100,76600,75600,75700,14598755,-2.069857697283312,75700
2024-06-11,75900,76000,75100,75200,16971175,-0.6605019815059445,75200
2024-06-12,75300,77100,75200,76500,19246725,1.7287234042553192,76500
2024-06-13,78400,79000,77800,78600,33763804,2.7450980392156863,78600
2024-06-14,79700,80500,79000,79600,22926612,1.2722646310432568,79600
2024-06-17,79200,79500,78000,78100,16123051,-1.8844221105527637,78100
2024-06-18,78700,80200,78600,79800,18207598,2.176696542893726,79800
2024-06-19,81100,82500,80500,81200,24168863,1.7543859649122806,81200
2024-06-20,81500,82200,81200,81600,20288913,0.49261083743842365,81600
2024-06-21,80700,80800,80000,80000,17907523,-1.9607843137254901,80000
2024-06-24,79700,80900,79500,80600,15454227,0.75,80600
2024-06-25,80600,81800,80100,80800,19088458,0.24813895781637718,80800
2024-06-26,80100,81400,79900,81300,17783242,0.6188118811881188,81300
2024-06-27,81300,81600,80500,81600,11739720,0.36900369003690037,81600
2024-06-28,81900,81900,80800,81500,9455929,-0.12254901960784313,81500
2024-07-01,81500,82100,81300,81800,11317202,0.36809815950920244,81800
2024-07-02,82500,82600,81500,81800,14471904,0.0,81800
2024-07-03,82300,82300,81000,81800,11440328,0.0,81800
2024-07-04,82900,84700,82400,84600,43857229,3.4229828850855744,84600
2024-07-05,85600,87100,85200,87100,45791193,2.955082742316785,87100
2024-07-08,87900,88600,86900,87400,24035809,0.3444316877152698,87400
2024-07-09,87800,88200,86900,87800,21336201,0.4576659038901602,87800
2024-07-10,87600,88000,87100,87800,17813847,0.0,87800
2024-07-11,88500,88800,86700,87600,24677608,-0.22779043280182232,87600
2024-07-12,85900,86100,84100,84400,26344386,-3.65296803652968,84400
2024-07-15,84700,87300,84100,86700,25193080,2.7251184834123223,86700
2024-07-16,86900,88000,86700,87700,16166688,1.1534025374855825,87700
2024-07-17,87100,88000,86400,86700,18186490,-1.1402508551881414,86700
2024-07-18,83800,86900,83800,86900,24721790,0.2306805074971165,86900
2024-07-19,85600,86100,84100,84400,18569122,-2.8768699654775602,84400
2024-07-22,84400,84900,82600,83000,18987560,-1.6587677725118484,83000
2024-07-23,84200,84700,83400,83900,15766389,1.0843373493975903,83900
2024-07-24,82900,83300,81900,82000,16939083,-2.264600715137068,82000
2024-07-25,80400,81000,80100,80400,20323811,-1.951219512195122,80400
2024-07-26,80700,81300,80400,80900,14508334,0.6218905472636816,80900
2024-07-29,81600,82000,81100,81200,12797136,0.3708281829419036,81200
2024-07-30,80400,81000,80000,81000,13169636,-0.24630541871921183,81000
2024-07-31,81200,83900,80900,83900,20744323,3.580246913580247,83900
2024-08-01,86000,86100,83100,83100,20900338,-0.9535160905840285,83100
2024-08-02,81000,81400,79500,79600,25800275,-4.21179302045728,79600
2024-08-05,76700,76900,70200,71400,54608790,-10.301507537688442,71400
2024-08-06,74900,75300,72300,72500,47295226,1.5406162464985995,72500
2024-08-07,73000,76000,72800,74700,32710428,3.0344827586206895,74700
2024-08-08,73200,73900,72500,73400,28414729,-1.7402945113788488,73400
2024-08-09,75700,75800,74200,74700,16388222,1.7711171662125342,74700
2024-08-12,75200,75900,74800,75500,9839259,1.07095046854083,75500
2024-08-13,76500,76600,75500,76100,10716261,0.7947019867549668,76100
2024-08-14,77400,77800,77000,77200,13246168,1.445466491458607,77200
2024-08-16,79400,80200,78700,80200,22061478,3.8860103626943006,80200
2024-08-19,80100,80100,78000,78300,14146565,-2.369077306733167,78300
2024-08-20,79500,79800,78700,78900,10683836,0.7662835249042145,78900
2024-08-21,77900,78600,77800,78300,7805598,-0.7604562737642585,78300
2024-08-22,78700,78900,77800,78300,8149101,0.0,78300
2024-08-23,77700,78400,77500,77700,9420306,-0.7662835249042145,77700
2024-08-26,78100,78200,76000,76100,15655938,-2.0592020592020592,76100
2024-08-27,75700,76500,75600,75800,11130145,-0.39421813403416556,75800
2024-08-28,75800,76400,75400,76400,9794514,0.79155672823219,76400
2024-08-29,73600,74700,73500,74000,16884479,-3.1413612565445024,74000
2024-08-30,74400,75000,74100,74300,16358520,0.40540540540540543,74300
2024-09-02,74500,74700,73500,74400,12641376,0.13458950201884254,74400
2024-09-03,74100,74300,72500,72500,16314599,-2.553763440860215,72500
2024-09-04,69800,71100,69800,70000,27366563,-3.4482758620689653,70000
2024-09-05,70100,71200,69000,69000,25686769,-1.4285714285714286,69000
2024-09-06,69100,69700,68000,68900,19022299,-0.14492753623188406,68900
2024-09-09,66900,68200,66600,67500,23263298,-2.0319303338171264,67500
2024-09-10,67000,67300,66000,66200,30651376,-1.925925925925926,66200
2024-09-11,65100,65500,64200,64900,35809707,-1.9637462235649545,64900
2024-09-12,66000,66600,65200,66300,35884106,2.157164869029276,66300
2024-09-13,65000,65500,64300,64400,25045135,-2.865761689291101,64400
2024-09-19,64000,64400,62200,63100,49402713,-2.018633540372671,63100
2024-09-20,63800,64700,63000,63000,32746056,-0.15847860538827258,63000
2024-09-23,62300,63500,62200,62600,28542376,-0.6349206349206349,62600
2024-09-24,62800,63400,62400,63200,26957500,0.9584664536741214,63200
2024-09-25,63800,64200,62200,62200,28652438,-1.5822784810126582,62200
2024-09-26,63900,64900,63700,64700,37566015,4.019292604501608,64700
2024-09-27,64700,65400,64200,64200,28433030,-0.7727975270479135,64200
2024-09-30,64200,64300,61500,61500,32694163,-4.205607476635514,61500
2024-10-02,60500,61900,59900,61300,28473536,-0.3252032520325203,61300
2024-10-04,61000,61700,60500,60600,24247578,-1.1419249592169658,60600
2024-10-07,60200,61900,59500,61000,35066533,0.6600660066006601,61000
2024-10-08,60000,61000,59900,60300,27411786,-1.1475409836065573,60300
2024-10-10,60100,60200,58900,58900,45262214,-2.321724709784411,58900
2024-10-11,59100,60100,59000,59300,29623969,0.6791171477079796,59300
2024-10-14,59500,61200,59400,60800,20886249,2.5295109612141653,60800
2024-10-15,61100,61400,60100,61000,22715239,0.3289473684210526,61000
2024-10-16,59400,60000,59200,59500,23303268,-2.459016393442623,59500
2024-10-17,59400,60100,59100,59700,23372873,0.33613445378151263,59700
2024-10-18,59900,60100,59100,59200,14420260,-0.8375209380234505,59200
2024-10-21,59000,59600,58500,59000,18514905,-0.33783783783783783,59000
2024-10-22,58800,58900,57700,57700,27582527,-2.2033898305084745,57700
2024-10-23,57500,60000,57100,59100,27300780,2.4263431542461005,59100
2024-10-24,58200,58500,56600,56600,31499922,-4.230118443316413,56600
2024-10-25,56000,56900,55800,55900,25829315,-1.2367491166077738,55900
2024-10-28,55700,58500,55700,58100,27775009,3.9355992844364938,58100
2024-10-29,58000,59600,57300,59600,28369314,2.5817555938037864,59600
2024-10-30,59100,59800,58600,59100,19838511,-0.8389261744966443,59100
2024-10-31,58500,61200,58300,59200,35809196,0.1692047377326565,59200
2024-11-01,59000,59600,58100,58300,19083180,-1.5202702702702704,58300
2024-11-04,58600,59400,58400,58700,15586947,0.6861063464837049,58700
2024-11-05,57800,58100,57200,57600,17484474,-1.8739352640545146,57600
2024-11-06,57600,58000,56300,57300,22092218,-0.5208333333333333,57300
2024-11-07,56900,58100,56800,57500,17043102,0.34904013961605584,57500
2024-11-08,58000,58300,57000,57000,13877396,-0.8695652173913043,57000
2024-11-11,56700,56800,55000,55000,29811326,-3.508771929824561,55000
2024-11-12,54600,54600,53000,53000,37962881,-3.6363636363636362,53000
2024-11-13,52000,53000,50500,50600,52527995,-4.528301886792453,50600
2024-11-14,50200,51800,49900,49900,48510715,-1.383399209486166,49900
2024-11-15,50300,54200,50300,53500,46774485,7.214428857715431,53500
2024-11-18,57000,57500,55900,56700,48095234,5.981308411214954,56700
2024-11-19,56500,57500,55900,56300,31539632,-0.7054673721340388,56300
2024-11-20,56100,56500,54800,55300,20864667,-1.7761989342806392,55300
2024-11-21,54900,56900,54700,56400,19096850,1.9891500904159132,56400
2024-11-22,56000,56700,55900,56000,15281543,-0.7092198581560284,56000
2024-11-25,57400,57900,56700,57900,36237325,3.392857142857143,57900
2024-11-26,57900,58900,57500,58300,23209405,0.690846286701209,58300
2024-11-27,57700,57800,56000,56300,21808387,-3.430531732418525,56300
2024-11-28,56000,56400,55200,55500,20001134,-1.4209591474245116,55500
2024-11-29,55100,55300,53800,54200,24513531,-2.3423423423423424,54200
2024-12-02,54300,54400,53100,53600,22044867,-1.107011070110701,53600
2024-12-03,53100,54400,53100,53600,23374603,0.0,53600
2024-12-04,52000,53400,52000,53100,29004766,-0.9328358208955223,53100
2024-12-05,53200,54400,53200,53700,23588277,1.1299435028248588,53700
2024-12-06,53900,54400,52700,54100,22861874,0.74487895716946,54100
2024-12-09,53500,54600,53200,53400,26227680,-1.2939001848428837,53400
2024-12-10,54500,54500,53700,54000,20783970,1.1235955056179776,54000
2024-12-11,53600,54200,53400,54000,14565947,0.0,54000
2024-12-12,54000,56500,53900,55900,33476698,3.5185185185185186,55900
2024-12-13,55800,56300,55500,56100,15908823,0.35778175313059035,56100
2024-12-16,56300,56600,55200,55600,15277277,-0.8912655971479502,55600
2024-12-17,54700,55200,54000,54200,20215230,-2.5179856115107913,54200
2024-12-18,54100,55400,54000,54900,13698937,1.2915129151291513,54900
2024-12-19,53500,53800,53100,53100,22481925,-3.278688524590164,53100
2024-12-20,52700,53100,51900,53000,24674774,-0.18832391713747645,53000
2024-12-23,53400,54000,53300,53500,13672650,0.9433962264150944,53500
2024-12-24,53700,54500,53600,54400,11634677,1.6822429906542056,54400
2024-12-26,54500,54600,53500,53600,10517075,-1.4705882352941175,53600
2024-12-27,53500,54100,53200,53700,10747196,0.18656716417910446,53700
2024-12-30,53300,54000,53100,53200,12624702,-0.931098696461825,53200
2025-01-02,52700,53600,52300,53400,16630538,0.37593984962406013,53400
2025-01-03,52800,55100,52800,54400,19318046,1.8726591760299627,54400
2025-01-06,54400,56200,54300,55900,19034284,2.7573529411764706,55900
2025-01-07,56800,57300,55400,55400,17030235,-0.8944543828264758,55400
2025-01-08,54800,57500,54700,57300,26593553,3.429602888086643,57300
2025-01-09,57600,57700,56100,56100,24490592,-2.094240837696335,56100
2025-01-10,56100,56500,55200,55300,16059223,-1.4260249554367201,55300
2025-01-13,54600,55000,54100,54100,16868600,-2.1699819168173597,54100
2025-01-14,54200,54600,53700,53900,17465926,-0.36968576709796674,53900
2025-01-15,54100,54700,53500,53700,18625025,-0.3710575139146568,53700
2025-01-16,54200,55000,54100,54300,18627298,1.1173184357541899,54300
2025-01-17,53800,54100,53200,53700,18805344,-1.1049723756906076,53700
2025-01-20,53600,53900,53300,53400,11822531,-0.5586592178770949,53400
2025-01-21,53700,54300,53300,53500,13535702,0.18726591760299627,53500
2025-01-22,53400,54400,53100,54300,18341991,1.4953271028037385,54300
2025-01-23,53700,54100,53500,53700,15588067,-1.1049723756906076,53700
2025-01-24,53600,53800,53200,53700,11867631,0.0,53700
2025-01-31,52200,53000,51700,52400,42186279,-2.4208566108007448,52400
2025-02-03,51100,51400,50800,51000,32344897,-2.6717557251908395,51000
2025-02-04,51600,53600,51500,52700,27214851,3.3333333333333335,52700
2025-02-05,53600,53800,52800,52900,15974885,0.3795066413662239,52900
2025-02-06,53400,54000,53200,54000,16466025,2.0793950850661624,54000
2025-02-07,53900,54200,53600,53700,14476866,-0.5555555555555556,53700
2025-02-10,53000,55900,52900,55600,27577591,3.5381750465549344,55600
2025-02-11,55500,56300,55000,55700,24596196,0.1798561151079137,55700
2025-02-12,55100,55900,54500,55800,26428596,0.17953321364452424,55800
2025-02-13,56100,56400,55600,55800,22448377,0.0,55800
2025-02-14,56000,57300,56000,56000,23979779,0.35842293906810035,56000
2025-02-17,56100,56500,55700,56000,11916027,0.0,56000
2025-02-18,56200,57200,55900,56900,22131007,1.607142857142857,56900
2025-02-19,57400,58900,57300,58700,25395151,3.163444639718805,58700
2025-02-20,59100,59100,58100,58400,21589059,-0.5110732538330494,58400
2025-02-21,58400,58500,57100,58200,22198428,-0.3424657534246575,58200
2025-02-24,57300,57700,57200,57300,14138471,-1.5463917525773196,57300
2025-02-25,56600,57800,56500,57200,14625181,-0.17452006980802792,57200
2025-02-26,57000,57100,56100,56600,18117091,-1.048951048951049,56600
2025-02-27,56500,57100,56200,56300,14975356,-0.5300353356890459,56300
2025-02-28,55400,55700,54500,54500,28036698,-3.197158081705151,54500
2025-03-04,53900,55000,53800,54500,18553933,0.0,54500
2025-03-05,55100,55400,54000,54000,16578817,-0.9174311926605505,54000
2025-03-06,54100,54500,54000,54300,12258101,0.5555555555555556,54300
2025-03-07,53500,54200,53400,53700,14274992,-1.1049723756906076,53700
2025-03-10,53500,54800,53500,53700,12921670,0.0,53700
2025-03-11,52500,54100,52500,53600,17740891,-0.186219739292365,53600
2025-03-12,53800,55300,53600,54900,17973221,2.425373134328358,54900
2025-03-13,55800,55900,54200,54700,24132151,-0.36429872495446264,54700
2025-03-14,54500,55100,54400,54700,10845154,0.0,54700
2025-03-17,55500,57800,55400,57600,35559021,5.301645338208409,57600
2025-03-18,58800,59000,57300,57600,28138594,0.0,57600
2025-03-19,57400,59200,57400,58500,29421759,1.5625,58500
2025-03-20,59200,60300,58500,60200,34989004,2.905982905982906,60200
2025-03-21,60900,61700,60400,61700,40155612,2.4916943521594686,61700
2025-03-24,61200,61600,60500,60500,14088094,-1.9448946515397085,60500
2025-03-25,60900,61100,59500,59800,17259455,-1.1570247933884297,59800
2025-03-26,59800,61400,59700,61400,16431645,2.6755852842809364,61400
2025-03-27,60900,62000,60800,61800,20389790,0.6514657980456027,61800
2025-03-28,60700,61100,60000,60200,16282514,-2.5889967637540456,60200
2025-03-31,59500,59700,57800,57800,17633494,-3.9867109634551494,57800
2025-04-01,58700,59600,57900,58800,13841706,1.7301038062283738,58800
2025-04-02,58800,59400,58300,58800,14402297,0.0,58800
2025-04-03,56900,57800,56900,57600,19508076,-2.0408163265306123,57600
2025-04-04,56200,58200,55700,56100,23527139,-2.604166666666667,56100
2025-04-07,53300,54100,53100,53200,31998883,-5.169340463458111,53200
2025-04-08,55000,55300,53300,53500,25532845,0.5639097744360901,53500
2025-04-09,53300,54300,52900,53000,20576960,-0.9345794392523363,53000
2025-04-10,56600,56700,55000,56400,22948172,6.415094339622642,56400
2025-04-11,55600,55700,54800,55200,13930480,-2.127659574468085,55200
2025-04-14,56300,56700,55800,56200,12852613,1.8115942028985508,56200
2025-04-15,56300,57100,56200,56600,8998640,0.7117437722419928,56600
2025-04-16,56000,56200,54500,54700,14437025,-3.356890459363958,54700
2025-04-17,54700,55300,54500,55100,10867069,0.7312614259597806,55100
2025-04-18,55300,55600,54900,55300,5848342,0.3629764065335753,55300
2025-04-21,55200,56000,55100,55400,5941847,0.18083182640144665,55400
2025-04-22,54900,55500,54700,55000,9532469,-0.7220216606498195,55000
2025-04-23,56000,56100,55500,55700,11148692,1.2727272727272727,55700
2025-04-24,55600,55800,55200,55700,10580377,0.0,55700
2025-04-25,56400,56400,55600,55700,12183303,0.0,55700
2025-04-28,55800,55900,55500,55800,9341518,0.17953321364452424,55800
2025-04-29,55700,56500,55600,55800,10295518,0.0,55800
2025-04-30,55900,56000,55300,55500,13014189,-0.5376344086021506,55500
2025-05-02,55000,55500,54200,54300,22454204,-2.1621621621621623,54300
2025-05-07,54500,55000,54300,54600,17136991,0.5524861878453038,54600
2025-05-08,55100,55500,54500,54600,16320532,0.0,54600
2025-05-09,54700,55000,54400,54800,7814322,0.3663003663003663,54800
2025-05-12,55200,57600,55000,57600,15414702,5.109489051094891,57600
2025-05-13,57700,58200,56800,56900,16842801,-1.215277777777778,56900
2025-05-14,57500,57900,57000,57400,12468089,0.8787346221441126,57400
2025-05-15,57400,58600,57100,57300,13139736,-0.17421602787456447,57300
2025-05-16,57400,57500,56700,56800,10385352,-0.8726003490401396,56800
2025-05-19,56400,56400,55500,55800,9802105,-1.7605633802816902,55800
2025-05-20,56200,56700,55700,55900,9080577,0.17921146953405018,55900
2025-05-21,56200,56600,55700,55700,7794181,-0.35778175313059035,55700
2025-05-22,55300,55500,54500,54700,15254278,-1.7953321364452424,54700
2025-05-23,55000,55200,54100,54200,11247115,-0.9140767824497258,54200
2025-05-26,53900,55000,53700,54700,10901337,0.9225092250922509,54700
2025-05-27,54200,54500,53800,53900,13439520,-1.4625228519195612,53900
2025-05-28,54300,56100,54200,55900,17516283,3.710575139146568,55900
2025-05-29,56200,56400,55600,56100,12936810,0.35778175313059035,56100
2025-05-30,56200,57200,55800,56200,26219683,0.17825311942959002,56200
2025-06-02,56300,57300,56200,56800,12870515,1.0676156583629894,56800
2025-06-04,57200,57900,56800,57800,19649983,1.7605633802816902,57800
2025-06-05,58100,59900,57900,59100,23266027,2.249134948096886,59100
2025-06-09,60400,60400,59500,59800,19609659,1.1844331641285957,59800
2025-06-10,60000,60100,58800,59200,15305760,-1.0033444816053512,59200
2025-06-11,59500,60100,59400,59900,13610734,1.1824324324324325,59900
2025-06-12,59700,60000,59300,59500,17755115,-0.667779632721202,59500
2025-06-13,60200,60200,57700,58300,20705979,-2.0168067226890756,58300
2025-06-16,58000,58100,56900,57200,22200872,-1.8867924528301887,57200
2025-06-17,57800,59800,57400,58100,28637003,1.5734265734265735,58100
2025-06-18,58000,59800,57900,59800,17620705,2.9259896729776247,59800
2025-06-19,60500,60600,59000,59200,16876278,-1.0033444816053512,59200
2025-06-20,59400,59800,59100,59500,18072251,0.5067567567567568,59500
2025-06-23,58400,58500,57600,58000,16551694,-2.5210084033613445,58000
2025-06-24,59400,60600,59300,60500,23737899,4.310344827586207,60500
2025-06-25,61500,61600,60300,61300,23933612,1.322314049586777,61300
2025-06-26,61300,61300,59900,60200,19402300,-1.794453507340946,60200
2025-06-27,60100,61600,60000,60800,17340470,0.9966777408637874,60800
2025-06-30,61200,61200,59800,59800,17110294,-1.644736842105263,59800
2025-07-01,60400,61100,60200,60200,13650991,0.6688963210702341,60200
2025-07-02,60200,60900,59800,60800,15047951,0.9966777408637874,60800
2025-07-03,61300,63800,61100,63800,32040639,4.934210526315789,63800
2025-07-04,64700,64700,63000,63300,23748959,-0.7836990595611284,63300
2025-07-07,62900,63300,61700,61700,17164708,-2.527646129541864,61700
2025-07-08,61600,62400,61000,61400,20213724,-0.48622366288492713,61400
2025-07-09,61400,61400,60200,60400,17533415,-1.6286644951140066,60400
2025-07-10,60600,61200,60400,61000,14768473,0.9933774834437087,61000
2025-07-11,61300,62800,61200,62600,19140650,2.622950819672131,62600
2025-07-14,62300,62600,61800,62500,13563846,-0.1597444089456869,62500
2025-07-15,62300,63800,62000,63700,18442202,1.92,63700
2025-07-16,63700,64700,63100,64700,23042660,1.5698587127158554,64700
2025-07-17,65900,66800,64400,66700,39448683,3.091190108191654,66700
2025-07-18,67000,67800,66300,67100,23951531,0.5997001499250375,67100
2025-07-21,67400,68800,67200,67800,17723148,1.0432190760059614,67800
2025-07-22,68100,68500,65600,66000,20829006,-2.6548672566371683,66000
2025-07-23,66200,66500,64900,66400,15687058,0.6060606060606061,66400
2025-07-24,66500,66800,65900,66000,12660193,-0.6024096385542169,66000
2025-07-25,65700,66300,65500,65900,8080910,-0.15151515151515152,65900
2025-07-28,68200,70400,67200,70400,35332500,6.828528072837632,70400
2025-07-29,70800,70800,68800,70600,28190940,0.2840909090909091,70600
2025-07-30,71000,73700,70600,72600,34761444,2.8328611898017,72600
2025-07-31,73000,74000,71000,71400,26568072,-1.6528925619834711,71400
2025-08-01,70200,72000,68800,68900,24038534,-3.5014005602240896,68900
2025-08-04,69500,70200,68700,69700,14780072,1.1611030478955007,69700
2025-08-05,71000,71500,69700,69900,14392903,0.2869440459110474,69900
2025-08-06,69200,69400,68300,68800,12542415,-1.5736766809728182,68800
2025-08-07,70800,71000,69700,70500,15008213,2.4709302325581395,70500
2025-08-08,71000,72400,70700,71800,22241128,1.8439716312056738,71800
2025-08-11,72000,72100,70800,71000,11354253,-1.1142061281337048,71000
2025-08-12,71100,72400,71100,71100,15797656,0.14084507042253522,71100
2025-08-13,71900,72100,71400,71900,12305742,1.1251758087201125,71900
2025-08-14,71900,71900,71200,71600,11946122,-0.4172461752433936,71600
2025-08-18,71100,71200,70000,70000,13595591,-2.2346368715083798,70000
2025-08-19,70400,70700,69700,70000,10533082,0.0,70000
2025-08-20,70100,70700,69400,70500,17445516,0.7142857142857143,70500
2025-08-21,71500,71900,70600,70600,18843833,0.14184397163120568,70600
2025-08-22,71700,71800,70800,71400,9277432,1.13314447592068,71400
2025-08-25,71700,71800,71000,71500,10345178,0.1400560224089636,71500
2025-08-26,70800,71100,70300,70300,14712519,-1.6783216783216783,70300
2025-08-27,70100,70900,69800,70600,10523405,0.42674253200568996,70600
2025-08-28,70100,70400,69600,69600,11578024,-1.41643059490085,69600
2025-08-29,70100,70500,69700,69700,11682267,0.14367816091954022,69700
2025-09-01,68400,68600,67500,67600,12002343,-3.012912482065997,67600
2025-09-02,67800,69500,67800,69100,10604028,2.2189349112426036,69100
2025-09-03,69200,69800,68800,69800,10283009,1.0130246020260492,69800
2025-09-04,69500,70100,69300,70100,12284414,0.42979942693409745,70100
2025-09-05,70300,70400,69500,69500,11526724,-0.8559201141226819,69500
2025-09-08,69800,70500,69600,70100,9263135,0.8633093525179856,70100
2025-09-09,70100,71500,70000,71500,14870245,1.9971469329529243,71500
2025-09-10,71800,72800,71600,72600,21928565,1.5384615384615385,72600
2025-09-11,73200,73600,72100,73400,20793501,1.1019283746556474,73400
2025-09-12,74600,75600,74200,75400,28219678,2.7247956403269753,75400
2025-09-15,77200,77600,75900,76500,19908805,1.4588859416445623,76500
2025-09-16,76900,79500,76700,79400,27771531,3.7908496732026142,79400
